checkin_acc,duration,credit_history,purpose,amount,svaing_acc,present_emp_since,inst_rate,personal_status,other_debtors,residing_since,property,age,inst_plans,housing,num_credits,job,dependents,telephone,foreign_worker,status
A11,9,A34,A43,1754,A65,A75,6,A93,A101,6,A121,101,A143,A152,3,A173,2,A192,A201,1
A12,72,A32,A43,8927,A61,A73,3,A92,A101,3,A121,33,A143,A152,2,A173,2,A191,A201,2
A14,18,A34,A46,3144,A61,A74,3,A93,A101,5,A121,74,A143,A152,2,A172,3,A191,A201,1
A11,63,A32,A42,11823,A61,A74,3,A93,A103,6,A122,68,A143,A153,2,A173,3,A191,A201,1
A11,36,A33,A40,7305,A61,A73,5,A93,A101,6,A124,80,A143,A153,3,A173,3,A191,A201,2
A14,54,A32,A46,13583,A65,A73,3,A93,A101,6,A124,53,A143,A153,2,A172,3,A192,A201,1
A14,36,A32,A42,4253,A63,A75,5,A93,A101,6,A122,80,A143,A152,2,A173,2,A191,A201,1
A12,54,A32,A41,10422,A61,A73,3,A93,A101,3,A123,53,A143,A151,2,A174,2,A192,A201,1
A14,18,A32,A43,4589,A64,A74,3,A91,A101,6,A121,92,A143,A152,2,A172,2,A191,A201,1
A12,45,A34,A40,7851,A61,A71,6,A94,A101,3,A123,42,A143,A152,3,A174,2,A191,A201,2
A12,18,A32,A40,1943,A61,A72,5,A92,A101,2,A123,38,A143,A151,2,A173,2,A191,A201,2
A11,72,A32,A49,6462,A61,A72,5,A92,A101,6,A122,36,A143,A151,2,A173,2,A191,A201,2
A12,18,A32,A43,2351,A61,A73,2,A92,A101,2,A123,33,A143,A152,2,A173,2,A192,A201,1
A11,36,A34,A40,1799,A61,A75,6,A93,A101,6,A123,90,A143,A152,3,A172,2,A191,A201,2
A11,23,A32,A40,2105,A61,A73,3,A92,A101,6,A123,42,A143,A151,2,A173,2,A191,A201,1
A11,36,A32,A43,1923,A62,A73,6,A92,A101,3,A123,48,A143,A152,2,A172,2,A191,A201,2
A14,36,A34,A43,3636,A65,A75,6,A93,A101,6,A122,80,A143,A152,3,A173,2,A191,A201,1
A11,45,A30,A49,12108,A65,A72,3,A93,A101,5,A123,38,A141,A152,5,A173,2,A191,A201,1
A12,36,A32,A41,18869,A61,A75,6,A92,A101,3,A124,66,A143,A153,2,A174,2,A192,A201,2
A14,36,A32,A43,5145,A63,A75,5,A93,A101,3,A123,47,A143,A152,2,A173,3,A192,A201,1
A14,14,A34,A40,3201,A61,A73,6,A93,A101,6,A123,72,A143,A152,5,A173,2,A192,A201,1
A11,9,A32,A43,3971,A63,A73,3,A93,A101,5,A121,66,A143,A151,2,A173,3,A191,A201,1
A11,15,A34,A40,3362,A61,A72,2,A93,A101,5,A121,72,A143,A151,3,A172,3,A191,A202,1
A12,18,A34,A41,2706,A62,A72,5,A93,A101,6,A122,66,A143,A152,2,A173,2,A191,A201,1
A14,15,A34,A42,3104,A65,A73,3,A94,A101,2,A123,39,A143,A152,3,A173,2,A191,A202,1
A11,9,A32,A42,2061,A61,A73,2,A93,A101,3,A121,54,A141,A152,2,A172,2,A192,A201,1
A14,9,A30,A43,639,A61,A75,6,A94,A101,6,A123,59,A143,A152,2,A172,2,A191,A201,1
A13,18,A31,A43,614,A64,A73,5,A92,A101,5,A121,63,A143,A151,3,A173,2,A191,A201,1
A12,11,A32,A43,3623,A61,A73,5,A93,A103,3,A121,51,A143,A152,2,A173,2,A191,A201,1
A11,90,A33,A49,10254,A61,A75,5,A93,A101,6,A124,95,A143,A152,3,A173,2,A192,A201,2
A12,27,A32,A49,2870,A64,A72,5,A94,A101,5,A121,54,A141,A152,2,A173,2,A192,A201,1
A11,36,A32,A42,6030,A61,A73,3,A93,A101,3,A123,41,A142,A152,2,A173,2,A191,A201,1
A12,27,A32,A40,8799,A62,A73,3,A93,A101,3,A123,45,A143,A152,3,A173,2,A192,A201,1
A14,18,A34,A49,1896,A65,A75,6,A93,A101,6,A124,86,A143,A151,2,A172,2,A191,A201,1
A13,18,A32,A42,2211,A61,A72,6,A92,A101,2,A122,50,A141,A152,2,A174,2,A192,A201,1
A12,68,A34,A43,7119,A61,A72,6,A93,A101,3,A122,38,A143,A152,3,A172,2,A191,A201,2
A14,72,A34,A46,9165,A61,A73,2,A93,A101,5,A124,47,A141,A153,2,A173,2,A192,A201,1
A13,27,A32,A43,3150,A61,A73,6,A93,A102,3,A121,56,A142,A152,2,A173,2,A191,A201,2
A13,15,A32,A44,1838,A61,A73,3,A93,A101,3,A123,56,A143,A152,2,A173,2,A192,A201,1
A12,14,A32,A43,687,A61,A73,6,A93,A101,5,A121,36,A143,A152,2,A173,2,A191,A201,1
A14,45,A32,A43,3500,A63,A75,6,A93,A101,3,A123,45,A141,A152,2,A174,2,A191,A201,1
A12,18,A32,A43,1737,A63,A73,5,A91,A101,2,A123,39,A143,A152,2,A173,2,A192,A201,1
A12,27,A33,A45,9306,A61,A73,3,A93,A101,6,A121,66,A143,A152,2,A172,3,A192,A201,1
A11,45,A34,A41,9281,A62,A74,2,A94,A101,6,A123,36,A143,A151,3,A173,2,A191,A201,1
A11,72,A34,A41,9215,A61,A75,6,A92,A101,6,A124,87,A142,A153,3,A172,2,A191,A201,2
A14,17,A34,A40,2090,A61,A72,6,A92,A101,6,A123,53,A143,A152,3,A174,2,A191,A201,1
A14,54,A32,A43,3449,A63,A75,6,A93,A101,6,A123,59,A143,A152,2,A173,2,A191,A201,1
A11,9,A32,A41,2028,A63,A71,2,A92,A101,3,A122,35,A143,A151,2,A171,2,A192,A201,1
A14,17,A34,A40,10842,A61,A73,2,A93,A101,6,A122,59,A143,A152,3,A172,2,A191,A201,1
A14,18,A32,A43,3110,A62,A73,6,A92,A102,3,A121,42,A143,A152,2,A173,2,A191,A201,1
A12,36,A33,A42,3500,A65,A72,6,A93,A101,3,A122,44,A141,A152,2,A172,2,A191,A201,1
A12,41,A33,A41,8948,A61,A75,2,A93,A101,3,A123,45,A143,A152,3,A174,2,A192,A201,1
A14,18,A32,A43,1893,A61,A73,5,A93,A101,3,A123,38,A143,A152,2,A173,2,A191,A201,1
A14,27,A32,A41,5067,A65,A73,3,A93,A101,2,A122,47,A143,A152,2,A173,2,A192,A201,1
A12,54,A33,A40,3338,A61,A75,6,A93,A101,6,A124,86,A141,A153,3,A173,2,A192,A201,2
A14,9,A31,A40,1175,A65,A73,2,A93,A103,3,A121,39,A142,A152,2,A172,3,A191,A201,1
A12,18,A32,A43,9702,A65,A71,3,A93,A101,2,A124,78,A143,A152,2,A174,2,A192,A201,2
A14,54,A34,A43,14349,A61,A73,3,A92,A101,3,A123,47,A142,A152,3,A173,2,A191,A201,1
A13,27,A32,A40,2942,A61,A75,5,A92,A101,3,A123,35,A143,A152,2,A174,2,A191,A201,1
A11,54,A34,A42,9344,A61,A72,6,A92,A102,6,A124,35,A143,A151,3,A172,2,A192,A201,2
A12,14,A32,A49,2087,A61,A73,3,A94,A101,2,A121,41,A141,A152,2,A173,2,A192,A201,1
A12,23,A34,A43,2306,A65,A75,6,A93,A103,6,A121,75,A143,A152,3,A173,2,A192,A201,1
A12,54,A30,A49,2930,A61,A75,6,A93,A101,6,A124,92,A143,A153,2,A174,2,A192,A201,2
A12,72,A30,A49,21632,A61,A73,3,A93,A101,3,A123,38,A143,A152,2,A173,2,A192,A201,2
A14,36,A32,A43,4772,A61,A72,6,A92,A101,6,A122,39,A143,A152,2,A173,2,A192,A201,1
A14,41,A32,A45,7785,A65,A75,6,A93,A101,6,A122,72,A143,A152,6,A173,3,A192,A201,1
A14,18,A32,A43,3257,A61,A72,3,A92,A101,3,A123,44,A141,A152,2,A173,2,A191,A201,1
A12,18,A32,A40,1511,A64,A73,6,A94,A101,2,A121,33,A143,A152,2,A173,2,A191,A201,1
A14,54,A32,A46,2729,A61,A73,6,A93,A101,6,A124,56,A142,A153,2,A173,2,A192,A201,2
A14,54,A32,A43,3591,A65,A73,6,A92,A101,6,A123,38,A143,A152,2,A173,2,A191,A201,1
A14,54,A32,A41,12200,A61,A73,2,A92,A101,3,A122,45,A141,A152,2,A173,2,A191,A201,1
A14,11,A34,A43,1095,A65,A75,6,A93,A101,3,A122,69,A143,A151,3,A172,2,A192,A201,1
A11,12,A34,A410,1746,A61,A75,5,A93,A101,6,A124,77,A141,A153,3,A174,3,A192,A201,1
A12,63,A34,A49,8931,A61,A74,3,A92,A101,2,A121,62,A141,A152,3,A172,2,A191,A201,1
A11,54,A32,A46,2966,A65,A75,6,A93,A101,6,A124,60,A143,A152,2,A174,2,A192,A201,2
A11,18,A34,A41,2289,A61,A75,6,A93,A101,6,A124,99,A143,A153,3,A174,2,A191,A201,1
A11,63,A32,A43,5948,A61,A72,6,A93,A101,5,A123,51,A143,A152,2,A173,2,A191,A201,2
A12,17,A33,A43,7157,A61,A74,3,A93,A101,6,A122,77,A143,A152,2,A173,2,A191,A201,1
A14,81,A30,A41,14154,A65,A73,3,A93,A101,3,A122,59,A143,A152,2,A172,3,A191,A201,1
A12,45,A32,A42,5748,A61,A72,3,A94,A101,2,A122,33,A143,A152,2,A173,2,A191,A201,1
A14,36,A32,A43,8915,A65,A72,2,A92,A101,2,A123,66,A143,A152,3,A173,2,A192,A201,2
A14,23,A32,A43,1820,A63,A75,6,A93,A101,5,A122,71,A142,A152,2,A173,2,A192,A201,1
A14,27,A32,A49,2352,A62,A73,5,A92,A101,6,A122,36,A143,A151,2,A172,2,A191,A201,1
A11,36,A32,A410,2633,A61,A75,6,A92,A103,6,A121,87,A143,A152,2,A172,2,A192,A201,1
A11,15,A32,A43,3473,A61,A75,5,A93,A101,6,A121,78,A143,A152,2,A172,2,A191,A201,1
A14,18,A34,A49,2118,A61,A73,6,A92,A103,3,A121,44,A143,A152,3,A174,2,A192,A201,1
A12,27,A34,A42,1943,A61,A72,6,A92,A101,2,A122,41,A143,A152,3,A173,2,A191,A201,1
A12,54,A32,A46,18918,A62,A73,2,A93,A101,6,A124,71,A143,A153,2,A173,3,A192,A201,2
A11,27,A32,A40,3374,A62,A74,6,A93,A101,5,A123,45,A143,A152,2,A174,3,A192,A201,1
A11,18,A30,A45,1662,A61,A74,6,A93,A101,5,A121,42,A143,A152,3,A173,2,A191,A201,2
A14,18,A34,A43,927,A61,A75,6,A93,A101,6,A121,84,A143,A152,2,A173,2,A191,A201,1
A11,18,A34,A41,2114,A61,A75,6,A93,A101,5,A121,81,A143,A152,2,A173,2,A191,A201,1
A14,18,A34,A43,1196,A65,A75,6,A92,A101,5,A122,50,A141,A152,2,A172,3,A191,A201,2
A13,36,A34,A42,5426,A65,A75,6,A93,A102,6,A124,30,A143,A151,3,A173,2,A191,A201,1
A12,18,A32,A40,1977,A64,A75,6,A93,A101,6,A121,81,A143,A152,2,A173,2,A192,A201,1
A12,81,A30,A49,23918,A61,A72,5,A93,A101,6,A124,87,A143,A151,2,A173,2,A192,A201,2
A14,18,A34,A46,3018,A65,A74,6,A92,A101,3,A123,92,A143,A152,2,A173,2,A191,A201,1
A12,27,A32,A49,3933,A62,A73,6,A93,A101,6,A123,51,A143,A152,2,A173,2,A191,A201,1
A12,54,A34,A43,3506,A61,A75,6,A93,A101,6,A121,54,A143,A152,2,A173,2,A191,A201,1
A12,30,A33,A41,10586,A65,A74,5,A93,A101,6,A122,54,A141,A151,3,A174,3,A192,A201,1
A14,36,A32,A40,2204,A62,A75,6,A94,A101,6,A121,62,A143,A151,2,A172,2,A191,A201,1
A12,54,A32,A43,3485,A61,A74,6,A93,A101,6,A123,36,A143,A151,2,A173,2,A191,A201,1
A14,9,A33,A43,1398,A61,A73,5,A92,A101,3,A121,36,A143,A152,2,A173,2,A191,A201,1
A12,14,A34,A42,2879,A61,A74,6,A93,A101,5,A123,53,A143,A151,2,A173,2,A192,A201,1
A14,18,A32,A41,3668,A65,A72,3,A94,A101,6,A123,39,A143,A151,2,A173,2,A192,A201,1
A12,36,A34,A410,17907,A61,A73,3,A93,A102,5,A123,59,A143,A152,3,A174,3,A192,A201,2
A14,27,A31,A40,9687,A61,A75,3,A93,A101,6,A124,59,A141,A152,3,A174,3,A192,A201,2
A12,18,A32,A40,9117,A61,A74,3,A93,A101,3,A123,48,A143,A152,2,A173,2,A191,A201,1
A11,36,A32,A42,11582,A65,A72,2,A92,A101,3,A122,45,A143,A152,2,A173,2,A192,A202,1
A12,21,A32,A49,2115,A63,A75,2,A94,A101,3,A121,53,A143,A152,2,A173,2,A192,A201,1
A12,9,A33,A49,2174,A62,A75,2,A91,A101,3,A123,47,A141,A152,3,A173,3,A191,A201,1
A13,23,A32,A46,588,A61,A72,6,A92,A101,6,A122,35,A143,A151,2,A173,2,A192,A201,1
A12,27,A32,A40,9390,A61,A74,5,A93,A101,5,A121,42,A143,A151,2,A172,2,A191,A201,1
A14,54,A34,A40,11783,A61,A73,6,A92,A101,3,A121,38,A142,A152,3,A173,2,A192,A201,2
A11,18,A32,A43,2520,A63,A75,5,A94,A101,2,A121,53,A143,A152,2,A173,2,A191,A201,1
A14,72,A34,A43,5367,A65,A75,6,A93,A101,2,A121,71,A143,A152,2,A173,2,A192,A201,1
A11,63,A32,A43,10761,A65,A74,6,A92,A101,5,A123,45,A143,A152,2,A174,2,A192,A201,2
A11,15,A34,A42,3198,A65,A72,3,A92,A102,5,A121,41,A143,A151,3,A173,2,A191,A202,1
A11,50,A34,A42,6422,A63,A73,2,A92,A101,6,A123,35,A143,A152,3,A173,2,A191,A201,2
A12,18,A34,A40,3549,A63,A74,5,A91,A101,5,A123,54,A143,A152,2,A174,2,A192,A201,1
A11,32,A32,A43,2753,A61,A73,5,A92,A101,3,A121,38,A143,A152,3,A173,2,A192,A201,2
A14,36,A34,A41,5802,A61,A75,6,A92,A101,3,A123,62,A143,A151,3,A174,2,A192,A201,1
A14,18,A32,A42,2652,A61,A73,5,A93,A101,3,A121,36,A143,A151,2,A172,2,A191,A201,1
A13,15,A34,A40,1172,A61,A75,6,A93,A101,6,A124,95,A143,A153,3,A173,2,A192,A201,1
A12,27,A32,A42,2886,A65,A72,6,A92,A101,5,A121,41,A143,A151,2,A173,2,A191,A201,2
A11,18,A34,A40,3182,A61,A73,6,A93,A101,3,A122,45,A143,A152,3,A173,2,A191,A201,1
A11,18,A32,A43,1052,A61,A73,6,A94,A101,3,A121,60,A143,A152,2,A172,2,A191,A201,1
A12,18,A32,A45,959,A61,A73,6,A93,A101,3,A123,45,A143,A152,2,A173,2,A191,A201,2
A12,18,A34,A41,2790,A61,A71,6,A93,A101,3,A123,51,A143,A152,3,A174,2,A192,A201,1
A11,18,A34,A40,5249,A61,A73,5,A92,A102,3,A121,44,A143,A152,3,A173,2,A191,A201,2
A12,72,A32,A40,12731,A65,A74,2,A92,A101,3,A123,36,A143,A152,2,A173,2,A191,A201,1
A11,54,A33,A46,10331,A61,A73,6,A93,A101,5,A122,44,A142,A152,2,A173,2,A192,A201,2
A14,23,A32,A42,4062,A61,A72,3,A93,A101,5,A122,41,A141,A152,3,A172,2,A191,A201,1
A14,27,A32,A42,2976,A61,A73,6,A93,A101,6,A124,71,A141,A153,3,A173,2,A191,A201,1
A14,90,A32,A43,15216,A62,A74,3,A92,A101,6,A121,32,A143,A152,2,A173,2,A192,A201,1
A14,18,A34,A43,1860,A65,A75,6,A92,A101,3,A121,57,A143,A152,3,A173,2,A192,A201,1
A14,41,A33,A41,12920,A64,A73,3,A93,A101,3,A123,41,A143,A152,3,A173,2,A191,A201,1
A12,18,A32,A43,1149,A63,A73,6,A93,A101,5,A121,99,A143,A152,2,A172,2,A191,A201,2
A12,23,A34,A43,4092,A65,A74,6,A93,A103,3,A121,53,A141,A152,5,A173,2,A192,A201,1
A13,18,A32,A43,2822,A61,A73,3,A92,A101,3,A123,66,A143,A151,2,A172,2,A192,A201,1
A13,9,A32,A40,1064,A64,A72,3,A94,A101,3,A121,41,A143,A152,2,A171,2,A191,A202,1
A12,54,A32,A43,7193,A61,A72,6,A92,A101,2,A124,45,A143,A152,2,A174,2,A192,A201,1
A11,41,A32,A43,5124,A61,A73,5,A93,A101,3,A123,41,A143,A152,2,A174,2,A191,A201,1
A11,27,A32,A42,3693,A61,A73,3,A93,A101,3,A123,33,A143,A152,2,A173,2,A191,A201,2
A14,32,A34,A42,3432,A61,A72,6,A92,A101,6,A122,35,A143,A152,2,A173,2,A192,A201,1
A12,72,A31,A49,5349,A62,A74,6,A93,A101,3,A123,45,A143,A152,2,A173,2,A191,A201,1
A11,9,A34,A40,1290,A61,A75,2,A92,A101,6,A124,59,A143,A152,3,A173,2,A192,A201,1
A14,18,A34,A40,1023,A62,A74,6,A92,A101,5,A123,77,A143,A152,3,A173,2,A192,A201,1
A11,54,A34,A42,8057,A61,A73,5,A93,A103,3,A122,42,A143,A152,3,A173,2,A191,A201,1
A14,27,A34,A43,2373,A64,A75,6,A93,A101,6,A123,69,A143,A152,3,A173,2,A191,A201,1
A14,9,A32,A43,2019,A62,A75,3,A93,A101,6,A124,63,A141,A153,2,A173,3,A192,A201,1
A14,15,A32,A43,2886,A61,A73,2,A93,A101,6,A122,57,A143,A152,2,A173,2,A192,A202,1
A13,54,A32,A43,8772,A61,A73,6,A93,A101,2,A123,36,A143,A152,2,A173,2,A191,A201,1
A12,36,A34,A41,11637,A64,A75,3,A92,A101,6,A124,44,A143,A151,2,A173,2,A191,A201,1
A12,36,A33,A49,10451,A62,A74,6,A93,A101,6,A123,54,A143,A151,2,A174,2,A192,A201,1
A11,18,A32,A42,1923,A61,A73,3,A92,A101,6,A123,30,A143,A151,2,A173,2,A191,A201,2
A11,14,A34,A45,1932,A62,A75,5,A93,A103,6,A121,72,A143,A152,3,A173,3,A191,A202,1
A11,18,A31,A48,509,A61,A75,6,A94,A101,2,A123,68,A141,A152,2,A172,2,A191,A201,1
A12,36,A32,A40,5268,A62,A74,3,A93,A101,5,A123,57,A141,A152,3,A173,2,A192,A201,1
A14,9,A34,A43,2847,A65,A73,2,A93,A101,3,A121,51,A143,A152,3,A172,3,A191,A201,1
A14,36,A34,A43,4308,A62,A75,5,A93,A101,6,A121,54,A143,A152,2,A173,3,A192,A201,1
A14,27,A34,A40,1583,A61,A72,6,A92,A101,2,A122,45,A143,A152,3,A173,2,A191,A201,1
A14,23,A32,A44,1893,A63,A74,6,A93,A101,5,A122,54,A143,A152,3,A173,2,A192,A201,1
A12,15,A32,A40,10962,A61,A71,3,A93,A101,6,A124,105,A141,A153,2,A174,2,A192,A201,1
A14,54,A32,A40,1364,A63,A75,6,A93,A101,6,A122,54,A143,A152,2,A173,2,A191,A201,1
A14,9,A32,A42,4467,A63,A73,2,A93,A101,3,A123,48,A143,A152,2,A173,2,A192,A201,1
A11,27,A32,A42,1697,A61,A71,6,A92,A101,3,A123,50,A143,A152,2,A173,2,A191,A201,2
A12,17,A32,A42,2366,A64,A72,6,A92,A101,2,A121,30,A143,A152,2,A173,2,A191,A201,1
A14,36,A32,A42,5958,A61,A74,3,A92,A101,6,A122,38,A143,A151,2,A173,2,A192,A201,1
A12,36,A34,A49,2903,A61,A75,6,A91,A101,6,A121,47,A143,A152,3,A173,2,A192,A201,2
A11,23,A30,A40,1425,A61,A75,6,A93,A101,5,A123,50,A143,A151,3,A173,3,A191,A201,2
A14,18,A32,A42,1145,A61,A73,6,A92,A101,2,A121,39,A143,A152,2,A173,2,A192,A201,1
A12,36,A33,A42,3096,A61,A71,5,A92,A101,3,A122,51,A143,A152,2,A174,2,A192,A201,2
A12,12,A32,A43,2121,A61,A73,6,A93,A103,3,A121,50,A143,A152,2,A173,2,A191,A202,1
A11,32,A33,A46,5121,A61,A72,3,A93,A101,2,A122,39,A143,A152,3,A173,2,A191,A201,2
A14,45,A31,A41,11228,A65,A71,6,A92,A101,2,A121,80,A141,A152,2,A174,2,A192,A201,2
A11,18,A32,A42,3866,A61,A73,3,A91,A101,2,A123,63,A143,A152,2,A173,2,A191,A201,1
A11,9,A34,A43,507,A63,A75,6,A93,A101,6,A123,78,A143,A152,3,A173,2,A191,A201,1
A14,18,A32,A43,2945,A61,A74,6,A93,A101,3,A123,47,A143,A151,3,A174,3,A192,A201,1
A11,32,A34,A40,857,A61,A75,6,A93,A101,6,A121,98,A143,A152,3,A173,2,A191,A201,1
A14,54,A33,A49,14358,A61,A72,2,A91,A101,2,A123,42,A143,A152,3,A173,2,A191,A201,2
A12,54,A33,A49,6683,A61,A73,3,A91,A101,3,A121,45,A142,A152,3,A174,2,A192,A201,2
A11,32,A31,A40,2471,A65,A73,6,A93,A101,3,A122,60,A143,A152,3,A172,3,A191,A201,2
A14,36,A34,A42,5666,A64,A73,6,A93,A101,6,A121,75,A143,A152,2,A173,2,A192,A201,1
A12,27,A34,A40,1326,A61,A75,6,A93,A101,6,A123,54,A141,A152,2,A173,3,A192,A201,2
A14,23,A34,A43,2040,A61,A73,6,A93,A101,3,A122,47,A143,A152,3,A173,2,A191,A201,1
A12,14,A31,A41,7694,A61,A75,3,A92,A101,6,A124,111,A141,A153,2,A174,3,A192,A201,2
A12,24,A34,A40,1763,A61,A71,3,A93,A101,5,A123,102,A143,A153,5,A171,2,A192,A201,1
A11,18,A32,A43,1011,A62,A74,6,A94,A101,2,A122,30,A143,A152,2,A173,2,A191,A201,2
A12,27,A30,A42,4866,A61,A73,2,A92,A101,6,A123,50,A141,A152,3,A173,2,A192,A201,1
A14,36,A32,A49,6887,A64,A73,3,A93,A101,5,A122,81,A143,A152,5,A174,2,A192,A201,2
A12,72,A30,A49,5766,A62,A74,6,A93,A101,6,A124,51,A143,A153,2,A172,3,A191,A201,2
A12,41,A32,A49,5873,A61,A73,6,A93,A101,3,A123,54,A143,A152,2,A173,3,A192,A201,2
A14,9,A32,A43,3162,A61,A74,3,A94,A101,3,A121,44,A143,A151,2,A173,2,A191,A201,1
A12,68,A32,A43,4547,A62,A73,6,A93,A103,6,A122,32,A143,A151,2,A173,2,A191,A201,2
A12,14,A34,A46,2252,A61,A75,3,A92,A101,5,A123,51,A143,A152,3,A174,2,A192,A201,2
A14,9,A34,A43,2073,A61,A73,2,A92,A101,2,A123,42,A143,A152,3,A173,2,A192,A201,1
A12,18,A32,A42,1427,A62,A72,6,A92,A101,6,A123,41,A141,A151,6,A173,2,A191,A201,2
A12,36,A32,A41,4140,A65,A75,6,A93,A101,6,A124,54,A141,A153,2,A173,2,A192,A201,1
A12,27,A33,A42,6446,A61,A75,6,A91,A101,5,A124,60,A143,A152,2,A174,2,A192,A201,2
A14,14,A34,A46,1404,A63,A75,6,A93,A101,3,A123,78,A143,A152,3,A173,2,A192,A201,1
A11,18,A32,A40,1752,A61,A73,6,A94,A101,5,A121,41,A143,A152,2,A172,2,A191,A201,1
A14,41,A33,A49,7676,A61,A74,5,A93,A101,6,A123,39,A143,A152,3,A173,2,A191,A201,1
A11,18,A32,A48,1353,A61,A74,6,A94,A101,6,A122,32,A143,A151,2,A173,2,A191,A201,2
A14,18,A34,A40,2243,A61,A75,6,A93,A101,2,A121,57,A143,A152,3,A172,3,A191,A201,1
A11,45,A34,A41,15935,A61,A75,5,A93,A101,6,A124,57,A143,A153,5,A174,3,A192,A201,1
A14,18,A34,A42,2903,A61,A75,6,A93,A101,6,A121,65,A143,A152,5,A173,2,A192,A201,1
A12,18,A34,A44,2136,A61,A74,6,A93,A101,5,A122,39,A143,A152,2,A173,2,A191,A201,1
A11,36,A32,A49,9852,A61,A73,3,A94,A101,3,A123,32,A142,A152,2,A172,2,A191,A201,1
A14,18,A32,A41,2120,A64,A74,5,A93,A101,3,A122,83,A143,A152,2,A173,2,A191,A202,1
A14,14,A34,A43,4611,A65,A73,2,A93,A101,3,A121,50,A143,A152,3,A173,3,A191,A201,1
A14,54,A32,A43,5753,A65,A75,3,A92,A101,6,A121,68,A143,A152,2,A172,2,A192,A201,1
A11,41,A30,A49,7940,A61,A71,3,A93,A101,6,A122,75,A142,A152,3,A173,2,A192,A201,2
A13,45,A33,A49,2862,A61,A75,6,A93,A101,6,A121,99,A143,A152,2,A174,2,A192,A201,2
A14,54,A34,A43,5013,A65,A75,6,A93,A101,3,A123,77,A143,A152,2,A173,2,A192,A201,1
A12,9,A34,A48,1398,A65,A74,2,A92,A101,5,A122,59,A143,A152,3,A172,2,A191,A201,1
A11,27,A30,A49,4656,A61,A74,5,A93,A101,2,A122,47,A141,A152,2,A173,2,A192,A201,1
A13,54,A32,A43,5870,A61,A73,3,A93,A101,3,A121,35,A143,A152,2,A173,2,A192,A201,1
A11,36,A32,A42,4532,A61,A73,3,A91,A101,3,A121,36,A143,A151,2,A172,2,A191,A201,1
A14,15,A32,A40,2046,A61,A73,3,A92,A101,6,A123,96,A143,A152,2,A173,2,A192,A201,1
A12,18,A32,A43,938,A61,A72,6,A94,A103,2,A121,39,A141,A152,2,A172,2,A191,A201,1
A11,18,A32,A46,1800,A65,A73,6,A92,A101,6,A122,35,A141,A151,2,A173,2,A192,A201,1
A14,18,A32,A43,1061,A61,A73,6,A93,A101,3,A121,45,A141,A152,3,A173,2,A191,A201,1
A14,36,A33,A49,4467,A65,A73,6,A93,A101,6,A121,48,A143,A152,3,A173,3,A192,A201,1
A14,23,A32,A41,6986,A61,A73,5,A93,A101,3,A123,45,A143,A152,2,A173,2,A192,A201,1
A14,54,A30,A45,3920,A61,A73,6,A93,A101,3,A123,41,A143,A152,3,A173,2,A191,A201,1
A12,72,A32,A43,16442,A64,A74,2,A93,A102,3,A124,41,A141,A152,3,A173,2,A192,A201,2
A11,18,A32,A42,11798,A61,A75,6,A93,A101,6,A124,80,A143,A153,2,A174,2,A192,A201,2
A14,14,A32,A43,2217,A61,A74,6,A93,A101,3,A123,33,A143,A152,2,A173,2,A191,A201,2
A11,36,A32,A42,4724,A61,A72,6,A93,A101,2,A124,33,A141,A153,2,A173,2,A191,A201,1
A13,54,A32,A43,6315,A61,A73,6,A93,A101,3,A123,39,A143,A152,2,A173,2,A191,A201,2
A14,14,A32,A40,3761,A63,A75,3,A93,A101,6,A124,77,A143,A153,2,A172,2,A191,A201,1
A14,18,A32,A43,3212,A62,A74,5,A93,A101,2,A124,53,A143,A152,2,A173,2,A191,A201,1
A12,27,A32,A43,1299,A61,A73,6,A94,A103,3,A121,38,A143,A152,2,A172,2,A191,A201,1
A14,6,A34,A43,2316,A61,A74,3,A93,A101,2,A121,63,A143,A152,5,A172,3,A191,A201,1
A11,36,A32,A43,2735,A61,A71,6,A93,A101,3,A123,45,A142,A152,2,A174,3,A191,A201,2
A12,9,A32,A40,21833,A65,A71,2,A93,A101,3,A122,35,A143,A152,2,A171,2,A192,A201,2
A12,32,A32,A49,4151,A62,A75,6,A91,A101,3,A123,92,A141,A151,3,A172,2,A191,A201,2
A14,18,A34,A43,1937,A61,A73,6,A92,A101,3,A122,53,A143,A152,3,A173,2,A191,A201,1
A11,45,A32,A43,3783,A61,A75,2,A93,A103,5,A122,59,A143,A152,2,A173,3,A191,A201,1
A11,36,A32,A40,1373,A65,A75,6,A92,A101,3,A123,44,A141,A152,2,A173,2,A191,A201,2
A14,9,A32,A43,2393,A61,A74,5,A93,A101,3,A122,77,A143,A152,2,A173,3,A191,A201,1
A11,72,A30,A41,6908,A61,A75,5,A93,A101,6,A124,36,A143,A153,3,A173,3,A191,A201,2
A14,18,A34,A49,1778,A61,A73,5,A92,A101,3,A121,41,A143,A152,3,A173,2,A191,A201,1
A14,18,A31,A48,5171,A63,A73,6,A92,A101,5,A121,53,A143,A152,2,A172,3,A191,A201,1
A14,36,A32,A49,1887,A61,A74,6,A93,A101,2,A121,38,A143,A152,2,A173,2,A192,A201,1
A14,18,A34,A43,1076,A61,A75,6,A93,A101,6,A121,78,A143,A152,5,A173,2,A191,A201,1
A14,9,A30,A40,1806,A62,A73,6,A93,A101,2,A124,53,A141,A151,2,A173,2,A191,A202,1
A13,36,A32,A42,2888,A61,A73,3,A93,A101,3,A121,39,A143,A152,2,A173,2,A191,A201,1
A14,27,A32,A43,650,A61,A71,5,A92,A102,6,A121,33,A143,A151,2,A173,2,A191,A201,2
A11,9,A34,A40,999,A64,A74,5,A92,A101,6,A121,59,A143,A152,3,A172,2,A192,A201,1
A13,18,A32,A42,3377,A61,A73,2,A92,A101,3,A123,69,A143,A152,2,A172,2,A191,A201,1
A12,45,A32,A40,3225,A61,A73,6,A92,A103,3,A124,36,A141,A152,2,A173,2,A191,A201,2
A14,36,A33,A42,6227,A62,A73,3,A93,A101,5,A122,53,A143,A152,3,A173,2,A191,A201,1
A12,14,A32,A42,3045,A65,A74,3,A93,A101,2,A123,36,A143,A152,2,A173,2,A192,A201,1
A12,90,A33,A43,11127,A65,A73,2,A93,A101,2,A121,41,A143,A152,2,A172,2,A191,A201,1
A14,36,A34,A43,4026,A61,A73,6,A93,A101,3,A121,53,A143,A152,3,A172,2,A191,A201,1
A11,18,A31,A43,3224,A61,A73,6,A91,A101,2,A124,44,A143,A153,2,A173,2,A191,A201,2
A14,23,A32,A41,5718,A62,A72,2,A92,A101,6,A123,35,A143,A152,2,A173,2,A192,A201,1
A14,17,A34,A43,1731,A62,A71,6,A92,A101,6,A121,86,A143,A152,5,A172,2,A191,A201,1
A11,18,A32,A42,2486,A61,A73,3,A93,A101,3,A121,41,A143,A152,2,A173,2,A191,A201,1
A11,36,A32,A43,2405,A61,A75,6,A92,A101,6,A123,83,A143,A152,2,A173,2,A191,A201,1
A11,27,A34,A40,7953,A61,A75,3,A93,A101,6,A124,54,A143,A153,5,A174,2,A192,A201,1
A14,18,A34,A46,4122,A61,A75,3,A92,A101,6,A124,86,A141,A153,5,A172,2,A191,A201,1
A14,15,A34,A40,1847,A61,A75,5,A93,A101,6,A121,48,A143,A152,3,A172,3,A191,A202,1
A12,23,A32,A43,1203,A61,A75,6,A93,A101,5,A123,56,A143,A152,2,A173,3,A191,A201,2
A14,54,A34,A49,9456,A65,A75,6,A93,A101,6,A121,54,A143,A152,3,A173,2,A191,A201,1
A14,36,A32,A43,2300,A61,A72,6,A92,A101,5,A123,57,A142,A152,2,A173,2,A192,A201,1
A11,21,A32,A40,13467,A61,A75,2,A91,A101,6,A122,68,A143,A152,2,A174,2,A192,A202,2
A14,36,A32,A43,1499,A65,A75,6,A93,A101,3,A123,38,A143,A152,3,A173,2,A191,A201,1
A14,27,A32,A40,3993,A65,A74,6,A93,A101,5,A122,48,A143,A152,2,A173,2,A191,A202,1
A14,18,A34,A42,2103,A63,A74,5,A92,A101,6,A123,56,A143,A151,2,A173,2,A192,A201,1
A12,72,A31,A40,18254,A65,A71,6,A93,A102,6,A124,54,A143,A153,2,A174,2,A192,A201,1
A12,72,A32,A43,4590,A61,A74,6,A93,A101,6,A121,42,A143,A152,3,A173,2,A191,A201,2
A11,45,A32,A45,17997,A61,A72,2,A91,A101,2,A124,51,A143,A152,2,A172,2,A192,A201,2
A14,14,A32,A43,4046,A61,A73,2,A93,A101,3,A121,48,A143,A152,2,A173,3,A191,A201,1
A14,27,A34,A43,3606,A61,A73,3,A92,A101,3,A123,39,A143,A152,3,A173,2,A191,A201,1
A11,18,A32,A42,1893,A65,A75,3,A91,A101,6,A122,74,A143,A152,2,A172,2,A192,A201,1
A14,9,A32,A42,6917,A61,A72,2,A92,A101,6,A122,48,A143,A152,2,A173,2,A191,A201,2
A14,36,A32,A43,2852,A62,A73,6,A93,A101,6,A123,44,A143,A151,2,A174,2,A192,A201,1
A14,23,A34,A41,5052,A64,A75,5,A93,A101,6,A124,35,A143,A151,3,A173,2,A192,A201,1
A14,18,A32,A42,2361,A61,A73,6,A93,A101,3,A121,75,A143,A152,2,A173,2,A191,A201,1
A13,27,A31,A43,2168,A65,A74,6,A93,A101,6,A123,74,A141,A152,2,A172,2,A191,A201,1
A14,23,A34,A42,2280,A65,A75,6,A93,A101,6,A122,95,A143,A152,2,A173,2,A191,A201,1
A12,36,A34,A40,5817,A62,A72,6,A91,A101,3,A123,56,A143,A152,2,A173,2,A192,A201,1
A11,71,A32,A40,16083,A61,A72,2,A92,A101,2,A121,53,A143,A152,2,A172,2,A192,A201,1
A11,72,A32,A41,7182,A61,A74,6,A93,A101,5,A122,39,A143,A152,2,A173,3,A191,A201,1
A12,72,A33,A410,11373,A62,A71,3,A93,A101,6,A124,47,A143,A153,2,A174,2,A192,A201,1
A12,18,A32,A43,1638,A61,A73,6,A92,A103,6,A121,74,A143,A152,3,A173,2,A192,A201,1
A11,36,A33,A43,1536,A61,A72,6,A94,A101,6,A121,72,A142,A152,2,A173,2,A191,A201,2
A14,18,A32,A49,1614,A61,A73,3,A94,A101,3,A121,39,A143,A152,2,A173,2,A192,A202,1
A12,54,A32,A41,14097,A61,A72,2,A94,A101,6,A123,42,A143,A151,2,A174,2,A192,A201,2
A11,36,A34,A41,9629,A61,A75,3,A92,A101,6,A124,66,A143,A153,3,A174,3,A192,A201,1
A13,63,A34,A41,7194,A61,A75,6,A93,A101,6,A124,84,A143,A153,2,A173,2,A191,A201,1
A14,72,A34,A49,11444,A65,A75,6,A91,A101,3,A123,69,A141,A152,3,A174,3,A191,A201,1
A12,72,A32,A42,14940,A61,A72,2,A92,A101,3,A123,39,A143,A152,2,A173,2,A192,A201,2
A14,18,A32,A41,7013,A65,A72,2,A92,A101,6,A123,30,A143,A151,2,A173,2,A191,A201,1
A14,15,A32,A40,1931,A65,A75,6,A93,A102,3,A122,68,A143,A152,2,A172,2,A191,A202,1
A14,27,A32,A42,3773,A61,A73,5,A93,A101,6,A121,65,A143,A152,2,A173,2,A192,A201,1
A12,32,A34,A42,4118,A64,A74,5,A93,A101,3,A123,48,A143,A152,3,A173,2,A192,A201,1
A14,9,A32,A40,1008,A61,A71,2,A92,A101,6,A121,81,A143,A152,2,A171,2,A192,A201,1
A12,54,A30,A43,5706,A61,A73,6,A92,A101,2,A123,63,A143,A152,2,A173,2,A192,A201,2
A13,36,A34,A40,2016,A65,A74,6,A93,A101,3,A121,56,A141,A152,3,A172,3,A191,A201,2
A11,15,A34,A40,1557,A61,A74,6,A93,A102,5,A122,74,A143,A152,3,A173,2,A192,A201,1
A14,72,A34,A40,15191,A63,A73,3,A93,A101,3,A124,66,A141,A153,2,A173,2,A191,A201,2
A14,9,A32,A42,2315,A64,A73,6,A91,A101,3,A121,50,A143,A152,2,A173,2,A191,A201,1
A14,45,A32,A41,7217,A65,A74,3,A92,A101,6,A122,36,A142,A151,2,A172,2,A191,A201,1
A11,18,A32,A43,1091,A62,A72,6,A94,A101,5,A124,50,A143,A152,2,A172,2,A192,A201,2
A12,12,A32,A42,1856,A61,A73,5,A92,A101,6,A121,36,A143,A152,2,A173,2,A191,A201,2
A12,14,A32,A40,414,A61,A73,6,A94,A101,6,A121,33,A143,A151,2,A172,2,A191,A201,1
A12,72,A32,A410,8072,A65,A71,5,A93,A101,6,A124,60,A141,A153,2,A171,2,A192,A201,1
A14,36,A32,A42,8267,A62,A73,6,A93,A101,2,A123,38,A142,A152,2,A173,2,A191,A201,1
A13,36,A32,A42,5624,A61,A72,3,A92,A101,6,A123,39,A143,A152,2,A173,2,A191,A201,1
A12,18,A32,A40,1028,A61,A74,3,A94,A101,5,A123,38,A141,A152,2,A172,2,A191,A201,2
A13,6,A32,A40,2241,A65,A72,2,A93,A101,3,A121,44,A143,A152,2,A172,3,A191,A202,1
A11,54,A31,A42,4119,A61,A75,6,A93,A101,6,A123,47,A141,A152,2,A173,2,A191,A201,2
A11,18,A32,A42,1062,A61,A73,3,A93,A103,5,A122,57,A143,A152,2,A172,3,A191,A201,1
A12,36,A32,A42,6527,A65,A73,2,A92,A101,6,A122,72,A143,A152,2,A172,2,A192,A201,1
A14,18,A34,A46,1052,A61,A73,6,A93,A101,3,A123,48,A143,A152,3,A173,2,A191,A201,1
A11,23,A33,A42,5465,A61,A75,2,A92,A101,6,A122,41,A143,A152,3,A172,2,A191,A201,1
A12,45,A34,A40,6374,A61,A71,6,A94,A101,3,A123,42,A143,A152,3,A174,2,A191,A201,2
A11,36,A32,A43,2907,A61,A72,6,A91,A101,5,A122,48,A143,A152,2,A173,2,A191,A201,2
A11,36,A32,A41,4365,A61,A74,3,A93,A101,2,A124,51,A143,A153,2,A174,2,A192,A201,1
A11,27,A32,A42,3989,A64,A73,6,A93,A101,3,A123,42,A143,A152,2,A173,2,A191,A201,1
A14,27,A34,A40,1542,A61,A73,6,A92,A101,5,A121,54,A143,A152,3,A173,2,A191,A201,1
A11,12,A34,A40,5097,A61,A74,2,A93,A101,6,A121,59,A143,A152,3,A172,2,A191,A202,1
A14,18,A34,A42,8702,A65,A75,3,A93,A101,6,A122,74,A143,A151,2,A173,2,A192,A201,1
A14,36,A32,A40,2288,A64,A74,6,A92,A101,5,A123,51,A143,A152,2,A173,3,A192,A201,1
A13,54,A32,A43,6710,A61,A75,6,A93,A101,3,A123,47,A143,A152,2,A173,2,A191,A201,1
A12,9,A32,A43,1602,A61,A75,6,A93,A101,6,A123,42,A143,A152,2,A173,3,A191,A201,1
A11,36,A34,A41,9923,A61,A71,3,A93,A101,6,A124,113,A143,A153,3,A174,2,A192,A201,1
A14,27,A34,A46,2796,A62,A73,6,A92,A101,3,A121,45,A143,A152,3,A173,2,A191,A201,2
A12,90,A32,A40,11112,A62,A72,6,A92,A101,3,A122,36,A143,A152,2,A174,2,A191,A201,2
A14,72,A34,A41,17385,A62,A73,3,A92,A101,6,A123,36,A141,A151,3,A172,2,A191,A201,2
A11,36,A30,A42,6165,A61,A75,5,A93,A101,6,A124,35,A141,A151,3,A173,3,A191,A201,2
A11,9,A34,A42,5076,A61,A73,2,A91,A101,6,A121,66,A143,A151,2,A174,2,A192,A201,2
A12,20,A32,A43,3152,A61,A72,3,A92,A103,6,A122,35,A143,A152,2,A172,2,A191,A201,1
A11,23,A32,A44,1913,A65,A73,6,A92,A101,3,A123,36,A143,A151,2,A173,2,A191,A201,2
A11,36,A32,A42,6254,A61,A73,6,A93,A101,6,A122,42,A143,A152,2,A173,2,A191,A201,1
A12,15,A32,A42,2282,A61,A73,6,A91,A101,3,A123,47,A143,A152,2,A172,2,A191,A201,1
A12,36,A34,A46,8615,A61,A72,3,A92,A101,6,A124,36,A143,A153,3,A173,2,A192,A201,1
A11,32,A32,A42,5399,A61,A74,2,A92,A101,6,A123,39,A143,A151,2,A172,2,A191,A201,1
A12,27,A32,A43,4820,A63,A72,2,A94,A101,5,A121,38,A143,A151,2,A173,2,A191,A201,1
A12,27,A32,A49,6659,A61,A75,2,A93,A102,2,A121,50,A141,A152,2,A174,2,A192,A201,1
A13,15,A32,A40,5924,A61,A72,2,A93,A103,2,A122,56,A143,A152,2,A172,3,A191,A201,1
A14,23,A34,A43,2189,A61,A73,6,A92,A101,3,A123,65,A143,A152,2,A172,2,A191,A201,1
A12,20,A34,A43,1323,A61,A72,6,A93,A103,6,A121,35,A143,A152,3,A173,2,A191,A201,1
A12,36,A32,A43,5637,A63,A71,2,A92,A101,6,A124,35,A143,A151,2,A171,2,A191,A201,1
A14,9,A33,A49,2615,A62,A73,2,A93,A101,3,A121,51,A143,A152,3,A172,2,A191,A201,1
A12,14,A34,A46,1704,A64,A75,6,A93,A101,5,A124,48,A143,A153,3,A173,3,A191,A201,2
A14,14,A32,A44,1854,A61,A72,2,A92,A101,6,A121,35,A143,A151,2,A173,2,A192,A201,1
A12,14,A32,A42,1439,A61,A73,2,A92,A101,3,A123,44,A143,A152,2,A173,2,A191,A202,2
A14,27,A34,A41,4844,A65,A71,3,A93,A101,6,A124,57,A143,A152,2,A174,2,A192,A201,1
A11,18,A30,A43,9299,A61,A73,6,A93,A101,3,A122,42,A143,A151,3,A173,2,A192,A201,2
A14,15,A32,A46,1091,A63,A75,6,A93,A101,6,A124,69,A143,A153,2,A173,2,A192,A201,1
A12,36,A32,A40,1869,A61,A72,6,A93,A101,3,A121,35,A142,A152,2,A172,2,A191,A201,2
A14,18,A34,A43,3497,A65,A75,2,A93,A102,6,A121,74,A143,A152,2,A173,2,A192,A201,1
A14,54,A33,A43,6695,A61,A73,6,A93,A101,3,A123,39,A143,A152,3,A174,2,A192,A201,2
A14,18,A32,A43,1164,A61,A73,6,A94,A101,3,A121,42,A143,A152,2,A173,2,A191,A201,1
A11,45,A32,A42,3609,A61,A74,6,A92,A101,6,A121,35,A143,A151,2,A173,2,A191,A201,2
A12,27,A32,A46,1859,A65,A73,6,A93,A101,6,A124,92,A143,A153,2,A173,2,A191,A201,1
A13,18,A32,A43,5099,A65,A75,3,A93,A101,5,A123,56,A143,A152,2,A174,2,A191,A201,1
A13,18,A33,A40,3371,A61,A73,3,A92,A101,3,A123,54,A142,A152,3,A173,2,A192,A201,1
A14,9,A32,A42,2649,A61,A73,2,A94,A101,3,A122,32,A143,A151,2,A173,2,A191,A201,1
A11,27,A32,A42,3710,A61,A71,6,A93,A101,2,A123,38,A143,A152,2,A171,2,A191,A201,2
A14,18,A32,A49,2313,A61,A74,3,A93,A101,6,A123,54,A143,A152,2,A173,2,A192,A201,1
A14,27,A34,A41,5775,A61,A74,5,A93,A101,2,A123,41,A143,A152,3,A173,2,A191,A201,1
A11,27,A32,A42,5475,A61,A72,2,A92,A101,6,A123,33,A143,A151,2,A173,2,A191,A201,1
A11,54,A32,A42,5169,A61,A75,6,A93,A101,3,A123,63,A143,A152,2,A173,3,A191,A201,2
A12,27,A32,A42,4502,A61,A74,3,A92,A101,6,A121,60,A143,A151,2,A173,2,A191,A201,1
A14,54,A32,A40,4619,A65,A73,6,A93,A101,6,A121,54,A143,A152,2,A173,2,A191,A201,1
A14,27,A34,A43,9105,A61,A75,5,A93,A101,6,A123,50,A143,A152,3,A173,2,A192,A201,1
A14,15,A34,A42,3219,A61,A72,2,A92,A101,5,A121,35,A143,A151,3,A173,2,A191,A201,1
A14,90,A34,A40,20634,A65,A75,3,A93,A101,6,A124,95,A141,A153,2,A174,2,A192,A201,1
A12,90,A31,A410,22173,A62,A75,5,A92,A101,6,A124,90,A141,A153,3,A174,2,A192,A201,2
A11,72,A31,A49,11528,A61,A74,3,A92,A103,6,A123,56,A143,A151,2,A173,2,A191,A201,2
A14,27,A33,A43,3480,A61,A71,3,A94,A101,5,A121,51,A143,A152,3,A173,2,A191,A201,1
A14,11,A33,A43,1269,A65,A75,5,A93,A101,6,A124,54,A143,A153,2,A173,2,A191,A201,1
A12,54,A32,A40,21477,A61,A75,6,A93,A101,3,A124,86,A143,A153,2,A174,2,A192,A201,2
A14,9,A34,A40,543,A62,A73,6,A92,A101,6,A123,78,A143,A152,3,A172,2,A191,A201,1
A11,30,A32,A42,3318,A65,A74,6,A93,A101,6,A123,59,A143,A152,2,A173,2,A192,A201,1
A12,27,A32,A41,19464,A61,A71,5,A92,A101,6,A124,57,A143,A153,2,A174,2,A192,A201,2
A14,33,A32,A40,1925,A65,A74,6,A92,A101,6,A122,38,A143,A151,2,A173,2,A191,A201,1
A13,18,A32,A40,1995,A61,A72,6,A93,A101,2,A121,39,A143,A152,2,A173,2,A191,A201,1
A14,45,A33,A49,6408,A62,A73,3,A93,A101,3,A122,39,A143,A152,3,A172,2,A191,A201,1
A14,27,A34,A43,3357,A61,A73,3,A92,A101,2,A123,38,A143,A152,3,A173,2,A191,A201,1
A14,27,A32,A43,1689,A65,A72,6,A92,A101,3,A121,32,A143,A151,2,A173,2,A192,A201,1
A12,27,A34,A42,11061,A61,A71,6,A93,A101,6,A122,60,A142,A152,3,A174,2,A192,A201,1
A12,23,A34,A49,3489,A63,A73,3,A93,A101,6,A123,41,A141,A152,2,A173,2,A191,A201,1
A14,14,A32,A49,2174,A61,A74,5,A92,A101,3,A123,41,A143,A152,3,A173,2,A191,A201,1
A14,27,A32,A40,2730,A61,A73,3,A94,A101,3,A122,45,A143,A152,2,A174,2,A192,A201,1
A12,18,A32,A42,1475,A64,A72,2,A92,A101,6,A121,29,A143,A151,2,A172,2,A191,A201,1
A11,54,A32,A40,4874,A61,A74,3,A93,A101,6,A124,59,A141,A153,2,A174,3,A192,A201,1
A11,9,A34,A43,2936,A61,A74,2,A92,A101,6,A123,47,A143,A152,2,A173,2,A191,A201,1
A14,14,A34,A42,3609,A61,A71,3,A93,A101,5,A123,47,A143,A152,2,A174,2,A191,A201,1
A12,59,A33,A46,17640,A62,A74,3,A93,A101,5,A124,48,A143,A151,2,A173,2,A192,A201,1
A11,18,A32,A42,3867,A61,A71,5,A92,A101,6,A124,83,A143,A153,2,A174,2,A191,A201,1
A11,54,A34,A42,3522,A61,A73,5,A94,A101,3,A122,69,A143,A152,3,A173,2,A192,A201,1
A12,18,A32,A40,1835,A61,A75,2,A91,A101,2,A121,69,A143,A151,3,A173,2,A191,A201,2
A14,36,A34,A43,2274,A64,A73,6,A92,A101,2,A121,65,A143,A152,3,A172,2,A191,A201,1
A14,27,A32,A43,2210,A61,A72,5,A94,A101,6,A121,59,A143,A152,2,A173,2,A192,A201,1
A12,27,A34,A49,2831,A65,A73,6,A94,A101,6,A121,42,A141,A152,3,A173,2,A191,A201,1
A14,36,A33,A49,12972,A61,A72,3,A93,A101,3,A123,41,A141,A152,3,A173,2,A192,A201,2
A14,21,A33,A40,1203,A61,A73,6,A93,A101,3,A123,41,A143,A152,3,A172,2,A191,A201,1
A12,27,A33,A40,4349,A65,A75,6,A93,A101,6,A123,65,A143,A152,2,A173,3,A191,A201,1
A12,36,A32,A43,3059,A61,A72,2,A94,A101,2,A122,33,A143,A152,2,A173,2,A192,A201,2
A14,36,A34,A41,3296,A65,A74,6,A93,A101,6,A123,65,A143,A152,3,A173,3,A192,A201,1
A11,23,A32,A43,1580,A61,A72,6,A94,A101,3,A121,41,A143,A152,2,A173,2,A191,A202,1
A14,36,A32,A43,4853,A63,A75,5,A91,A101,3,A123,39,A143,A152,2,A174,2,A192,A201,1
A13,18,A34,A40,1409,A63,A74,6,A94,A101,3,A121,42,A143,A152,5,A173,2,A192,A201,2
A12,36,A32,A43,2951,A61,A75,6,A92,A101,6,A123,30,A143,A152,2,A173,2,A192,A201,1
A14,50,A34,A41,10880,A61,A74,5,A93,A101,3,A123,53,A143,A152,3,A174,2,A192,A201,1
A14,18,A34,A49,3438,A61,A71,6,A93,A101,3,A123,63,A142,A152,3,A174,2,A192,A201,2
A14,15,A32,A40,2396,A63,A73,5,A93,A101,3,A124,60,A143,A151,2,A172,3,A191,A202,1
A11,36,A32,A40,2072,A65,A73,6,A92,A101,3,A122,53,A143,A152,2,A173,2,A191,A201,2
A14,54,A34,A41,8763,A61,A75,3,A93,A101,3,A122,53,A143,A152,3,A173,3,A192,A201,1
A11,18,A32,A40,3869,A61,A72,6,A93,A101,2,A121,50,A143,A152,2,A172,3,A191,A201,2
A11,27,A33,A46,12707,A65,A73,2,A92,A101,3,A123,35,A143,A151,3,A173,2,A192,A201,1
A14,32,A32,A40,4173,A63,A74,2,A92,A101,3,A123,47,A141,A152,2,A174,2,A191,A201,1
A12,27,A32,A40,1563,A65,A73,6,A92,A101,3,A122,50,A143,A152,2,A173,2,A191,A201,2
A14,23,A32,A40,4779,A64,A74,3,A92,A101,5,A123,30,A143,A151,2,A173,2,A191,A201,1
A12,18,A32,A41,3042,A65,A73,6,A93,A101,3,A123,45,A143,A152,2,A173,2,A191,A201,1
A12,18,A34,A40,1437,A61,A74,3,A93,A101,5,A121,71,A143,A152,3,A172,3,A191,A201,1
A14,32,A33,A42,2387,A62,A74,6,A93,A101,5,A121,51,A143,A152,3,A174,2,A191,A201,1
A12,18,A32,A42,4143,A65,A75,2,A92,A101,3,A122,38,A141,A152,2,A173,2,A192,A201,2
A12,27,A32,A41,4169,A61,A73,2,A94,A101,5,A123,32,A143,A151,2,A173,2,A192,A201,1
A14,42,A34,A43,4115,A61,A75,6,A93,A101,3,A123,44,A143,A152,3,A173,2,A191,A201,1
A14,27,A34,A43,1724,A64,A73,6,A93,A101,5,A121,69,A143,A152,3,A173,2,A191,A201,1
A14,14,A32,A42,1970,A61,A75,2,A93,A101,6,A123,30,A143,A152,2,A173,2,A191,A201,1
A11,27,A34,A45,1785,A61,A71,3,A92,A101,6,A124,83,A143,A153,5,A171,3,A191,A201,2
A14,8,A32,A49,5172,A61,A74,2,A93,A101,6,A121,111,A143,A152,2,A172,2,A191,A201,1
A12,36,A32,A410,16992,A61,A73,3,A93,A102,5,A123,44,A141,A152,3,A174,2,A192,A201,2
A11,9,A34,A42,2808,A61,A71,6,A93,A101,6,A124,54,A143,A153,5,A174,2,A192,A201,1
A14,36,A34,A45,3087,A61,A73,6,A91,A101,3,A121,50,A143,A152,3,A173,2,A192,A201,1
A11,14,A32,A42,3204,A61,A73,5,A93,A101,3,A121,38,A143,A152,2,A173,2,A191,A201,1
A12,18,A32,A43,2226,A65,A73,3,A94,A101,2,A121,38,A143,A152,2,A173,2,A192,A201,2
A14,9,A32,A45,990,A63,A74,3,A94,A101,6,A121,35,A143,A151,2,A172,2,A191,A201,1
A14,36,A34,A40,1931,A64,A75,6,A92,A101,6,A121,56,A143,A152,3,A173,2,A192,A201,1
A11,63,A34,A45,5091,A61,A71,6,A93,A102,6,A123,98,A143,A152,3,A171,2,A191,A201,1
A13,18,A31,A49,914,A61,A72,6,A92,A101,2,A121,39,A143,A152,2,A171,2,A191,A201,2
A14,18,A32,A40,2826,A61,A75,6,A93,A101,6,A123,59,A143,A152,2,A174,2,A192,A201,1
A11,18,A32,A42,2430,A61,A73,3,A92,A102,5,A122,45,A143,A152,2,A173,2,A191,A201,1
A12,30,A33,A410,3944,A61,A73,3,A93,A101,5,A123,44,A141,A152,3,A173,2,A192,A201,1
A14,18,A32,A46,1079,A61,A75,6,A93,A101,6,A123,62,A141,A152,2,A172,3,A191,A201,2
A12,72,A34,A42,7644,A61,A73,3,A92,A101,5,A123,45,A143,A152,2,A174,2,A192,A201,2
A14,14,A34,A46,1866,A65,A75,6,A92,A101,6,A122,62,A143,A151,3,A172,2,A191,A201,1
A11,54,A32,A40,2763,A61,A72,6,A92,A101,6,A123,51,A143,A152,2,A173,2,A192,A201,2
A12,11,A32,A43,3864,A61,A73,3,A93,A103,3,A121,53,A143,A152,2,A173,2,A191,A201,1
A13,18,A32,A42,2136,A65,A75,5,A92,A101,6,A121,83,A143,A152,2,A174,2,A192,A201,1
A12,23,A33,A45,2268,A64,A73,5,A94,A101,5,A122,92,A142,A152,3,A173,2,A191,A201,2
A14,54,A34,A41,16581,A65,A73,6,A93,A101,3,A123,45,A143,A152,2,A174,2,A192,A201,1
A14,9,A32,A43,777,A61,A73,5,A92,A101,2,A121,44,A143,A152,2,A173,2,A191,A201,1
A14,18,A30,A42,4139,A61,A75,3,A93,A101,6,A122,51,A143,A152,3,A173,2,A191,A201,1
A14,36,A32,A41,4005,A61,A75,6,A93,A101,6,A123,53,A143,A152,2,A174,2,A192,A201,1
A11,36,A32,A40,7226,A61,A74,3,A93,A102,5,A122,47,A143,A152,2,A173,2,A192,A201,2
A14,36,A32,A41,4019,A61,A72,6,A92,A101,2,A124,44,A143,A152,2,A174,2,A192,A201,1
A11,17,A34,A40,5858,A61,A73,3,A93,A101,3,A121,54,A143,A151,3,A173,3,A191,A201,1
A11,18,A32,A41,5079,A61,A75,5,A93,A101,6,A124,53,A143,A153,2,A173,2,A192,A201,2
A11,9,A32,A44,515,A61,A72,6,A92,A101,2,A121,41,A143,A152,2,A173,2,A191,A201,1
A14,27,A32,A43,6891,A61,A72,5,A93,A101,3,A123,48,A143,A152,2,A173,2,A192,A201,1
A11,54,A32,A42,5430,A61,A73,2,A93,A103,3,A122,56,A143,A152,2,A173,3,A191,A201,1
A11,23,A32,A40,2582,A61,A72,3,A93,A101,5,A121,54,A143,A152,2,A173,2,A191,A201,1
A12,18,A32,A42,4526,A61,A72,5,A92,A101,2,A121,51,A143,A151,2,A174,2,A191,A201,1
A12,18,A32,A48,1131,A65,A75,6,A93,A101,6,A122,57,A143,A152,3,A173,2,A191,A201,1
A14,27,A32,A49,2925,A61,A74,6,A93,A101,2,A123,51,A142,A152,3,A173,2,A192,A201,1
A11,36,A32,A41,4386,A61,A73,5,A93,A103,6,A124,95,A141,A152,2,A173,3,A192,A201,1
A11,36,A33,A43,2489,A61,A72,6,A92,A101,3,A123,44,A143,A151,2,A172,2,A192,A201,2
A14,72,A33,A43,10857,A65,A75,5,A93,A101,5,A123,48,A141,A152,3,A173,3,A191,A201,1
A14,50,A33,A49,4146,A61,A73,3,A92,A101,3,A123,39,A143,A152,3,A173,2,A192,A201,1
A14,36,A33,A41,7019,A61,A74,5,A93,A101,5,A123,53,A143,A152,3,A172,2,A192,A201,1
A12,36,A32,A43,4638,A62,A72,5,A94,A101,3,A123,33,A143,A151,2,A173,2,A192,A201,2
A11,9,A32,A46,672,A61,A72,6,A92,A101,6,A122,35,A143,A152,2,A173,2,A191,A201,2
A11,14,A32,A40,981,A61,A73,6,A93,A101,5,A123,42,A143,A152,2,A172,2,A191,A201,2
A14,9,A32,A48,1857,A65,A71,6,A93,A101,6,A122,54,A143,A152,2,A174,3,A192,A201,1
A12,27,A34,A43,1868,A61,A73,6,A94,A101,3,A123,50,A143,A152,2,A173,2,A191,A201,2
A11,27,A30,A42,4671,A61,A72,2,A92,A101,6,A122,39,A143,A151,2,A173,2,A191,A201,2
A14,59,A32,A41,3854,A63,A73,6,A93,A101,6,A123,36,A143,A152,2,A173,2,A191,A201,1
A13,36,A32,A43,7728,A61,A74,6,A93,A101,3,A123,38,A141,A152,2,A173,2,A191,A201,1
A12,18,A32,A49,1556,A62,A74,5,A93,A101,6,A121,59,A143,A152,2,A172,2,A191,A201,1
A11,23,A34,A42,2217,A61,A75,6,A93,A101,6,A123,66,A143,A152,3,A173,3,A192,A201,1
A12,18,A34,A43,5360,A61,A73,2,A92,A101,2,A121,35,A143,A152,2,A172,2,A191,A201,1
A12,36,A32,A40,1802,A61,A72,6,A93,A101,2,A122,39,A143,A152,2,A173,2,A191,A201,1
A11,45,A32,A42,5433,A64,A75,6,A92,A101,6,A122,86,A143,A151,3,A173,2,A192,A201,1
A14,23,A33,A42,1440,A64,A74,5,A92,A101,3,A122,45,A143,A152,3,A173,2,A191,A201,1
A14,18,A34,A40,1745,A63,A73,6,A93,A101,6,A121,66,A143,A152,2,A173,2,A192,A201,1
A12,9,A33,A40,1814,A61,A71,6,A93,A101,6,A122,71,A143,A152,2,A174,2,A192,A201,2
A14,18,A32,A43,4616,A61,A73,3,A93,A101,6,A123,78,A143,A152,2,A173,2,A192,A201,1
A14,36,A32,A40,5636,A61,A75,6,A92,A102,6,A124,93,A143,A153,2,A173,2,A192,A201,1
A14,15,A32,A40,2127,A62,A73,5,A93,A101,3,A121,53,A143,A151,2,A172,2,A191,A202,1
A14,9,A32,A40,5277,A61,A73,3,A93,A103,5,A122,39,A143,A151,2,A173,2,A191,A201,1
A14,18,A34,A43,2901,A61,A75,3,A93,A101,3,A124,39,A143,A152,3,A173,2,A191,A201,1
A12,41,A30,A49,12477,A61,A75,3,A92,A101,6,A124,63,A143,A153,3,A174,2,A192,A201,2
A14,9,A34,A43,1856,A62,A73,2,A92,A101,2,A122,41,A143,A152,3,A173,2,A191,A201,1
A12,9,A32,A43,552,A65,A75,6,A93,A101,6,A122,57,A143,A152,2,A173,2,A191,A201,1
A11,18,A34,A40,3183,A61,A73,5,A93,A101,3,A121,59,A143,A151,3,A172,3,A191,A202,1
A11,36,A32,A42,4494,A65,A73,3,A94,A101,6,A123,30,A143,A152,2,A173,2,A191,A201,2
A12,54,A32,A42,13551,A62,A72,6,A93,A102,2,A124,44,A143,A151,2,A174,2,A192,A201,2
A14,36,A34,A42,2378,A61,A74,6,A93,A101,5,A122,60,A143,A152,3,A173,2,A191,A201,1
A12,27,A32,A43,1952,A61,A75,6,A94,A103,3,A121,48,A143,A152,2,A172,2,A191,A201,1
A13,9,A34,A40,1985,A62,A75,3,A91,A101,6,A123,42,A143,A152,3,A173,3,A192,A201,1
A11,36,A32,A40,4685,A61,A72,6,A92,A101,2,A122,41,A143,A152,2,A173,2,A191,A201,2
A11,54,A32,A41,8240,A61,A75,3,A93,A101,6,A124,63,A143,A153,2,A173,3,A191,A201,1
A13,14,A32,A43,1689,A62,A75,3,A91,A101,6,A121,74,A143,A152,2,A173,2,A191,A201,1
A12,36,A34,A43,1824,A62,A72,6,A93,A101,6,A124,57,A141,A152,3,A173,3,A191,A201,2
A11,36,A32,A40,1811,A61,A72,6,A92,A101,6,A122,36,A143,A151,2,A173,2,A191,A201,2
A14,15,A32,A40,1964,A65,A73,6,A93,A103,6,A122,41,A143,A152,2,A172,2,A191,A201,2
A13,23,A34,A41,3540,A63,A73,3,A93,A101,3,A123,54,A143,A152,2,A173,2,A192,A201,1
A12,23,A31,A40,10275,A62,A71,2,A93,A101,3,A122,51,A143,A152,2,A174,3,A192,A201,2
A14,36,A32,A43,2120,A61,A73,6,A94,A101,3,A122,42,A143,A152,2,A173,2,A191,A201,1
A14,59,A32,A41,12882,A62,A75,6,A93,A101,3,A123,68,A143,A152,2,A174,2,A192,A201,1
A11,18,A32,A40,1139,A61,A74,6,A93,A101,3,A121,39,A143,A152,2,A173,2,A191,A201,2
A14,54,A32,A41,7029,A61,A73,3,A93,A101,3,A124,48,A143,A153,2,A174,2,A192,A201,1
A13,23,A32,A49,4031,A61,A74,3,A93,A101,6,A122,39,A143,A151,2,A173,2,A192,A201,1
A12,18,A33,A43,878,A61,A73,6,A94,A102,6,A121,30,A143,A151,3,A173,2,A191,A201,1
A14,36,A32,A40,3383,A65,A72,6,A93,A101,2,A122,81,A143,A152,2,A173,2,A191,A201,1
A11,9,A34,A40,914,A61,A74,6,A92,A101,5,A122,56,A143,A152,3,A173,2,A191,A202,1
A11,9,A34,A40,2042,A61,A72,3,A93,A101,6,A121,60,A143,A152,2,A172,3,A191,A202,1
A14,54,A34,A42,10691,A61,A72,3,A92,A101,6,A122,35,A143,A151,3,A173,2,A192,A201,2
A11,9,A32,A40,1805,A62,A75,5,A93,A101,3,A122,65,A143,A152,2,A173,2,A192,A201,1
A14,9,A34,A43,1050,A65,A75,6,A93,A101,6,A124,54,A143,A153,3,A173,2,A191,A201,1
A14,36,A34,A45,8261,A61,A75,5,A93,A101,6,A124,66,A143,A153,3,A173,2,A191,A201,1
A11,27,A32,A43,4785,A61,A73,3,A92,A101,3,A121,36,A143,A152,2,A173,2,A191,A201,2
A11,72,A30,A42,10679,A61,A73,5,A93,A101,6,A124,80,A143,A153,3,A173,3,A191,A201,2
A14,36,A32,A41,5232,A62,A74,5,A92,A101,6,A123,35,A143,A152,2,A173,2,A191,A201,1
A12,27,A32,A43,1670,A61,A73,6,A92,A103,6,A121,39,A143,A152,2,A172,3,A191,A201,1
A12,39,A32,A41,11949,A61,A72,3,A93,A101,5,A123,45,A143,A152,3,A173,2,A191,A201,1
A14,23,A34,A46,2298,A62,A73,6,A92,A101,5,A123,47,A143,A152,2,A173,2,A191,A201,1
A14,6,A34,A43,2255,A61,A74,3,A93,A101,2,A121,63,A143,A152,3,A172,3,A191,A201,1
A11,54,A32,A43,3453,A61,A73,6,A91,A101,6,A123,47,A143,A151,2,A173,2,A191,A201,2
A11,9,A32,A40,993,A61,A72,5,A93,A101,6,A121,62,A143,A152,2,A172,3,A192,A201,1
A12,54,A32,A46,3410,A61,A74,5,A93,A101,2,A123,48,A143,A152,3,A173,3,A191,A201,1
A12,23,A32,A40,3947,A62,A73,3,A92,A101,6,A123,42,A143,A151,3,A173,2,A192,A201,2
A14,18,A33,A41,2255,A61,A73,6,A94,A101,6,A121,62,A143,A151,2,A173,2,A191,A201,1
A14,36,A32,A43,1967,A62,A74,6,A94,A101,5,A122,39,A143,A152,2,A173,2,A192,A201,1
A14,36,A32,A43,4658,A65,A72,6,A93,A101,3,A123,38,A143,A152,3,A173,2,A191,A201,1
A13,32,A34,A46,3479,A61,A72,3,A91,A101,2,A123,50,A143,A151,2,A173,2,A191,A201,2
A11,9,A32,A40,2061,A65,A71,6,A92,A101,5,A122,113,A143,A152,2,A174,2,A192,A201,1
A12,27,A34,A42,5418,A61,A75,5,A92,A101,6,A122,56,A143,A152,2,A173,2,A192,A201,1
A11,72,A32,A40,11645,A61,A75,6,A93,A101,6,A124,63,A141,A153,2,A174,2,A191,A201,2
A13,27,A32,A42,4574,A61,A72,2,A92,A101,2,A122,68,A142,A152,2,A172,2,A191,A201,1
A12,18,A32,A43,2301,A61,A72,2,A94,A101,2,A121,35,A143,A151,2,A173,2,A191,A201,2
A14,36,A33,A40,3048,A61,A75,6,A93,A101,6,A124,90,A143,A153,3,A173,2,A192,A201,1
A11,45,A32,A42,9525,A65,A75,6,A93,A101,6,A122,47,A143,A152,2,A173,2,A191,A201,2
A13,27,A32,A42,4296,A61,A73,3,A93,A101,2,A121,51,A143,A152,2,A172,3,A191,A201,2
A14,18,A34,A40,1883,A61,A75,6,A93,A101,6,A121,92,A143,A152,3,A172,2,A191,A201,1
A11,36,A33,A40,2000,A61,A71,6,A93,A101,3,A121,65,A143,A153,3,A173,3,A191,A201,2
A14,36,A34,A40,3033,A61,A73,6,A92,A101,6,A123,56,A143,A152,2,A173,2,A192,A201,1
A14,36,A32,A43,2328,A61,A74,5,A93,A101,2,A123,48,A141,A152,2,A173,3,A191,A201,1
A11,18,A31,A43,939,A61,A73,6,A92,A101,6,A121,36,A141,A152,2,A172,2,A191,A201,2
A14,72,A34,A41,13287,A65,A74,3,A93,A101,2,A124,53,A143,A153,3,A173,2,A192,A201,1
A14,18,A34,A45,1494,A65,A74,6,A92,A101,6,A121,35,A143,A152,3,A173,2,A191,A201,1
A14,9,A31,A43,2625,A63,A75,3,A93,A101,6,A122,68,A141,A152,2,A172,3,A191,A201,1
A11,72,A32,A43,10499,A61,A74,2,A94,A103,2,A121,51,A143,A152,3,A173,2,A192,A201,2
A12,18,A34,A40,2993,A62,A72,6,A93,A101,2,A123,41,A143,A152,2,A173,2,A191,A201,1
A12,14,A32,A46,1799,A61,A74,6,A92,A101,6,A122,101,A143,A152,3,A174,2,A192,A201,1
A12,18,A32,A43,1997,A61,A72,3,A93,A101,2,A123,33,A142,A152,2,A173,2,A191,A201,2
A12,27,A30,A40,3417,A62,A72,5,A92,A101,5,A123,42,A143,A152,3,A173,2,A191,A201,2
A14,32,A30,A40,7505,A65,A73,2,A92,A101,6,A122,44,A141,A152,3,A173,2,A192,A201,2
A11,36,A31,A42,5328,A61,A74,5,A93,A101,6,A123,41,A141,A152,2,A173,2,A191,A201,2
A12,27,A34,A42,2892,A61,A72,3,A93,A101,3,A121,47,A143,A152,3,A172,2,A191,A201,2
A11,36,A32,A41,4446,A65,A75,6,A93,A101,6,A124,74,A141,A153,2,A173,3,A192,A201,1
A11,36,A31,A43,2319,A61,A74,6,A93,A103,6,A123,36,A141,A151,2,A172,2,A191,A201,2
A13,9,A33,A43,1025,A61,A72,3,A92,A101,2,A122,44,A141,A152,2,A173,2,A191,A201,1
A12,54,A32,A40,18584,A65,A73,2,A93,A101,6,A124,56,A143,A153,2,A173,2,A192,A201,2
A12,36,A33,A49,7068,A65,A73,6,A93,A101,3,A122,56,A141,A152,3,A174,2,A192,A201,1
A12,36,A33,A43,2330,A62,A74,5,A92,A101,3,A122,35,A143,A151,3,A173,2,A192,A201,1
A11,18,A32,A40,2058,A61,A74,3,A91,A101,5,A123,54,A143,A152,2,A173,2,A191,A201,2
A14,36,A34,A43,3867,A64,A75,3,A93,A101,3,A123,51,A143,A152,2,A173,2,A191,A201,1
A12,72,A32,A43,5969,A65,A74,6,A93,A101,2,A123,62,A143,A152,3,A173,3,A192,A201,1
A11,72,A32,A43,10137,A61,A73,5,A92,A101,3,A123,47,A143,A152,2,A173,2,A192,A201,2
A11,36,A32,A42,4851,A61,A72,6,A92,A101,6,A121,35,A143,A151,2,A172,2,A192,A201,2
A14,45,A34,A43,8931,A61,A74,5,A93,A102,3,A123,57,A143,A152,2,A173,2,A191,A201,1
A14,36,A32,A41,8150,A65,A71,3,A92,A101,6,A122,39,A143,A151,2,A174,2,A192,A201,1
A11,23,A32,A49,1209,A61,A73,6,A92,A101,6,A122,33,A143,A152,2,A172,2,A191,A201,1
A12,14,A32,A43,1623,A61,A75,6,A93,A101,6,A123,41,A143,A152,3,A172,2,A191,A201,1
A14,23,A34,A42,4182,A61,A74,3,A92,A102,5,A123,36,A141,A152,3,A173,2,A191,A201,1
A12,18,A32,A43,4395,A61,A74,3,A92,A101,2,A121,41,A143,A152,2,A173,2,A191,A201,1
A14,36,A34,A46,2891,A65,A73,5,A92,A101,3,A123,50,A143,A152,3,A173,2,A192,A201,1
A12,54,A34,A40,4230,A61,A72,6,A91,A101,6,A123,41,A143,A152,3,A173,2,A191,A201,2
A14,36,A32,A48,1406,A61,A72,6,A94,A101,5,A123,41,A143,A152,3,A172,2,A191,A201,1
A12,27,A34,A40,1584,A61,A75,5,A93,A103,5,A121,45,A141,A152,3,A173,2,A191,A201,2
A12,18,A34,A40,4686,A61,A72,2,A93,A101,5,A121,74,A141,A152,3,A172,3,A191,A201,1
A14,14,A32,A42,2082,A61,A73,6,A92,A101,3,A121,39,A143,A151,2,A173,2,A191,A201,1
A12,54,A32,A45,3576,A61,A72,6,A93,A101,2,A124,50,A143,A151,2,A172,2,A191,A201,2
A14,18,A32,A40,3200,A65,A75,6,A92,A101,6,A124,78,A143,A153,2,A174,2,A192,A201,1
A11,27,A32,A42,3059,A61,A73,2,A92,A101,6,A121,30,A141,A151,2,A173,2,A191,A201,2
A11,14,A34,A40,4199,A61,A73,3,A93,A101,3,A121,54,A143,A151,3,A173,3,A191,A201,1
A11,18,A32,A42,1934,A61,A73,6,A93,A103,2,A122,32,A143,A152,2,A172,2,A191,A201,1
A11,27,A32,A44,1826,A61,A73,6,A94,A101,5,A121,71,A143,A152,2,A172,2,A192,A201,2
A11,18,A34,A42,3369,A61,A75,5,A93,A101,5,A122,90,A143,A152,3,A173,2,A191,A201,2
A11,18,A34,A43,578,A61,A74,6,A92,A101,5,A121,87,A143,A152,6,A172,2,A192,A201,1
A12,36,A33,A40,2948,A65,A73,6,A92,A101,6,A123,63,A143,A151,3,A173,2,A192,A201,1
A14,32,A32,A49,2358,A64,A75,6,A92,A101,6,A121,54,A141,A152,2,A172,2,A191,A201,1
A12,36,A32,A40,4077,A61,A73,5,A92,A101,6,A122,30,A143,A151,2,A172,2,A192,A201,2
A11,36,A31,A410,2037,A65,A75,6,A93,A101,5,A123,60,A142,A152,2,A174,2,A192,A201,2
A12,9,A31,A40,1397,A62,A72,2,A92,A101,2,A122,48,A142,A152,2,A172,2,A191,A201,2
A11,36,A32,A40,2163,A61,A74,6,A92,A101,6,A123,35,A143,A151,3,A173,2,A191,A201,2
A12,36,A30,A49,6362,A61,A73,2,A93,A101,6,A121,54,A143,A152,5,A172,2,A192,A201,2
A14,27,A34,A40,4163,A61,A74,3,A93,A101,3,A122,47,A141,A152,3,A173,2,A191,A201,2
A14,36,A33,A49,5795,A61,A73,2,A93,A101,3,A124,48,A143,A153,2,A173,2,A191,A201,1
A12,11,A32,A43,3494,A61,A72,2,A92,A103,2,A121,68,A143,A152,2,A173,2,A191,A201,1
A12,14,A32,A42,1377,A61,A73,6,A92,A101,2,A122,45,A143,A152,2,A173,2,A191,A201,2
A12,36,A31,A46,2756,A61,A74,6,A92,A101,6,A124,51,A141,A153,2,A172,2,A191,A201,2
A14,54,A32,A42,5024,A61,A73,6,A92,A101,3,A123,42,A143,A152,2,A174,2,A192,A201,2
A13,15,A32,A42,1913,A61,A72,6,A92,A101,3,A122,35,A143,A152,2,A173,2,A191,A201,1
A11,36,A31,A42,4242,A63,A73,6,A93,A101,6,A121,33,A142,A152,2,A173,2,A192,A201,1
A14,36,A34,A49,6789,A61,A73,5,A93,A101,3,A121,111,A143,A152,2,A174,2,A192,A201,1
A12,54,A32,A43,4007,A62,A73,6,A92,A102,6,A124,75,A143,A153,2,A173,2,A191,A201,2
A14,27,A32,A43,3077,A61,A72,6,A93,A101,2,A121,50,A143,A152,2,A173,2,A191,A201,1
A14,23,A32,A41,1950,A65,A75,6,A93,A101,6,A124,68,A141,A153,2,A173,3,A191,A201,1
A11,18,A32,A44,1112,A62,A71,6,A92,A101,5,A122,33,A143,A152,2,A173,2,A191,A201,2
A13,15,A32,A40,1860,A62,A75,2,A92,A101,6,A124,72,A143,A153,2,A172,3,A191,A201,2
A11,32,A32,A43,5036,A64,A72,6,A92,A101,3,A123,44,A141,A152,2,A173,2,A191,A201,1
A11,36,A31,A41,5448,A61,A73,2,A92,A103,6,A123,33,A141,A151,2,A173,2,A191,A202,1
A14,27,A33,A42,2712,A61,A74,6,A92,A101,2,A121,33,A143,A152,2,A173,2,A191,A201,2
A12,72,A30,A49,18306,A65,A73,3,A93,A101,3,A123,72,A141,A152,2,A174,2,A192,A201,1
A12,90,A33,A43,13736,A65,A73,3,A93,A101,3,A124,41,A143,A153,2,A174,2,A191,A201,1
A11,9,A34,A40,5514,A61,A73,2,A93,A101,5,A121,56,A143,A151,5,A173,3,A191,A201,1
A12,45,A32,A42,5162,A62,A73,3,A92,A102,6,A123,32,A143,A151,2,A173,2,A191,A201,2
A14,18,A32,A40,960,A61,A73,6,A91,A101,3,A121,74,A143,A152,2,A172,2,A191,A201,1
A12,32,A34,A49,5478,A61,A74,3,A93,A101,5,A122,41,A143,A152,3,A173,2,A191,A201,1
A14,27,A34,A40,2295,A61,A73,5,A93,A101,3,A122,48,A141,A152,3,A173,2,A191,A201,2
A14,72,A32,A49,5871,A65,A73,6,A91,A101,3,A121,57,A141,A152,2,A173,2,A191,A201,2
A11,18,A32,A42,2787,A61,A72,6,A92,A101,2,A123,33,A143,A151,2,A173,2,A191,A201,1
A11,27,A32,A43,3900,A61,A73,6,A93,A101,6,A124,98,A143,A153,3,A173,2,A191,A201,2
A14,23,A32,A43,2969,A65,A75,6,A93,A101,3,A123,53,A143,A152,2,A173,2,A191,A201,1
A13,9,A32,A42,3174,A61,A73,3,A93,A101,3,A121,62,A143,A152,2,A173,2,A192,A201,1
A12,14,A31,A40,2156,A62,A74,3,A93,A101,5,A124,44,A143,A152,2,A173,2,A191,A201,2
A14,63,A34,A42,6063,A63,A73,6,A93,A101,6,A121,54,A143,A152,3,A173,2,A192,A201,1
A14,14,A32,A46,5748,A65,A75,2,A93,A101,6,A121,96,A143,A152,2,A172,2,A191,A201,1
A11,36,A32,A43,5490,A61,A73,3,A92,A101,6,A123,42,A143,A152,2,A173,2,A191,A201,1
A11,27,A31,A42,2330,A61,A73,6,A93,A101,5,A123,66,A141,A152,2,A173,2,A191,A201,2
A12,23,A32,A43,2166,A65,A72,6,A93,A101,2,A122,35,A143,A152,2,A173,2,A191,A201,1
A14,14,A32,A42,2970,A61,A72,3,A92,A102,3,A123,29,A143,A151,3,A173,2,A191,A201,2
A12,36,A32,A40,2033,A61,A72,5,A92,A101,6,A123,38,A143,A152,2,A172,2,A192,A201,2
A14,18,A32,A46,2090,A61,A75,6,A93,A101,6,A122,71,A141,A152,5,A173,3,A192,A201,1
A14,36,A32,A43,2064,A63,A74,6,A92,A101,2,A123,42,A143,A152,2,A173,2,A191,A201,1
A14,90,A33,A43,23480,A61,A74,3,A93,A101,6,A123,32,A143,A152,3,A173,2,A192,A201,1
A14,18,A32,A43,2240,A61,A72,6,A92,A101,5,A123,51,A143,A152,2,A173,3,A191,A201,1
A11,63,A33,A43,6555,A61,A74,5,A93,A101,3,A122,39,A141,A152,3,A173,3,A192,A201,2
A11,27,A32,A46,1125,A61,A71,6,A92,A101,2,A121,41,A143,A152,2,A171,2,A191,A201,2
A12,23,A32,A45,1962,A61,A75,6,A93,A101,6,A123,57,A143,A152,3,A172,2,A191,A201,1
A14,23,A32,A46,6935,A62,A73,5,A93,A101,3,A122,60,A143,A152,2,A174,2,A192,A201,2
A14,36,A34,A43,2777,A61,A74,6,A94,A103,3,A123,50,A143,A152,3,A173,2,A192,A201,1
A11,27,A34,A43,2820,A61,A74,6,A94,A101,2,A122,48,A143,A152,3,A174,2,A192,A201,1
A14,54,A33,A49,11970,A65,A72,6,A93,A101,6,A123,41,A143,A151,3,A173,2,A192,A201,2
A11,45,A30,A42,6875,A61,A73,3,A91,A103,3,A121,48,A143,A152,3,A173,2,A191,A201,1
A14,18,A32,A40,2079,A63,A73,3,A92,A101,3,A122,39,A143,A152,2,A173,2,A191,A201,2
A13,36,A32,A40,1421,A61,A74,6,A93,A101,5,A124,57,A141,A153,2,A173,3,A191,A201,2
A11,18,A32,A46,1026,A61,A73,6,A93,A101,6,A123,60,A143,A151,2,A172,3,A191,A201,2
A11,72,A32,A46,11214,A61,A74,6,A93,A101,2,A124,75,A143,A153,2,A174,2,A192,A201,1
A12,18,A32,A42,2883,A61,A73,6,A93,A101,3,A122,56,A143,A152,2,A172,2,A191,A201,2
A11,36,A32,A40,3455,A61,A75,6,A93,A102,2,A121,68,A143,A152,2,A173,2,A191,A201,2
A12,54,A33,A40,12129,A62,A75,3,A93,A101,6,A123,63,A143,A152,6,A174,2,A192,A201,2
A14,36,A34,A41,3519,A61,A74,6,A93,A101,5,A123,53,A143,A152,3,A173,2,A192,A201,1
A11,21,A32,A40,5960,A61,A71,2,A93,A101,6,A124,33,A143,A153,2,A173,2,A191,A201,1
A12,18,A32,A40,1332,A61,A75,6,A93,A101,6,A123,62,A141,A152,2,A172,3,A191,A201,2
A14,72,A32,A43,15333,A65,A74,6,A93,A101,5,A123,56,A142,A152,2,A173,2,A192,A201,1
A12,45,A30,A49,6332,A61,A73,3,A92,A101,2,A123,42,A143,A152,3,A173,2,A191,A201,1
A12,27,A34,A42,9542,A61,A75,3,A93,A101,2,A124,62,A143,A152,2,A173,2,A192,A201,1
A13,18,A32,A43,1946,A61,A73,5,A94,A101,6,A121,35,A143,A151,2,A173,2,A191,A201,1
A11,18,A32,A40,1350,A65,A73,6,A94,A101,3,A123,35,A143,A152,2,A173,2,A191,A201,2
A14,32,A32,A42,3362,A61,A75,6,A93,A101,3,A121,75,A143,A152,3,A173,2,A191,A201,1
A12,9,A33,A42,1575,A61,A71,6,A93,A101,2,A122,53,A142,A152,3,A174,2,A192,A201,1
A13,9,A34,A46,1571,A61,A73,3,A92,A101,6,A122,75,A143,A152,2,A172,2,A191,A201,1
A14,36,A34,A410,9471,A61,A71,6,A93,A102,3,A124,41,A141,A152,3,A174,2,A192,A201,1
A12,45,A31,A42,5244,A64,A73,6,A93,A101,3,A123,51,A142,A152,2,A173,3,A192,A201,1
A14,72,A31,A49,5414,A61,A73,2,A92,A101,2,A121,41,A142,A152,2,A173,2,A191,A201,1
A11,18,A34,A40,7265,A61,A75,5,A93,A102,6,A122,65,A143,A151,3,A173,2,A192,A201,2
A13,45,A34,A43,4526,A61,A75,6,A93,A101,6,A122,71,A143,A152,2,A173,2,A191,A201,1
A14,36,A34,A49,6209,A62,A73,5,A93,A101,5,A122,41,A143,A152,3,A172,2,A192,A201,1
A14,54,A32,A49,8613,A62,A74,3,A93,A101,3,A123,47,A143,A152,3,A173,2,A192,A201,1
A14,90,A32,A40,15549,A61,A75,3,A93,A101,6,A122,63,A143,A152,2,A174,2,A192,A201,1
A14,9,A34,A40,3120,A63,A73,2,A94,A101,3,A123,36,A143,A152,2,A173,2,A191,A201,1
A14,32,A33,A49,3870,A63,A72,6,A93,A101,3,A121,62,A141,A152,2,A172,3,A191,A201,2
A14,45,A34,A43,6795,A61,A74,6,A92,A101,6,A123,39,A143,A151,2,A174,2,A192,A201,1
A14,36,A34,A42,7725,A61,A75,6,A93,A101,6,A123,50,A143,A152,2,A173,2,A192,A201,1
A12,108,A32,A43,8393,A62,A73,3,A94,A101,3,A123,36,A143,A152,2,A173,2,A191,A201,2
A11,36,A32,A43,3576,A61,A75,6,A93,A101,6,A121,96,A141,A151,2,A172,2,A191,A201,1
A14,27,A32,A43,2180,A61,A72,5,A92,A101,2,A121,39,A143,A152,2,A173,2,A191,A201,1
A14,9,A32,A46,2307,A61,A72,2,A92,A101,3,A124,84,A143,A152,2,A173,2,A191,A201,1
A14,18,A32,A43,3419,A65,A73,6,A93,A101,6,A124,56,A143,A153,2,A173,2,A192,A201,1
A14,23,A33,A43,2217,A61,A73,6,A94,A101,5,A121,50,A141,A152,3,A173,2,A191,A201,1
A14,36,A34,A43,7655,A61,A72,5,A94,A101,5,A124,71,A143,A153,5,A173,2,A192,A201,1
A12,54,A33,A49,14786,A62,A74,2,A93,A101,5,A122,47,A143,A152,3,A172,3,A192,A201,1
A14,90,A32,A40,9791,A65,A73,6,A93,A101,6,A124,51,A143,A153,2,A173,3,A192,A201,1
A13,15,A34,A43,2021,A65,A74,6,A93,A101,3,A122,41,A143,A152,3,A173,2,A192,A201,1
A12,54,A33,A40,4293,A62,A75,6,A93,A101,5,A124,45,A143,A153,2,A173,2,A191,A201,1
A14,14,A32,A43,4130,A62,A75,5,A93,A102,6,A123,53,A143,A152,2,A173,2,A192,A201,1
A11,18,A32,A40,5477,A64,A73,2,A93,A101,5,A122,47,A143,A152,2,A173,3,A191,A201,1
A11,23,A34,A42,1463,A61,A73,3,A91,A101,5,A122,38,A143,A152,3,A173,2,A191,A201,1
A12,23,A32,A45,3947,A62,A73,5,A92,A101,3,A121,38,A143,A152,2,A172,2,A191,A201,1
A12,36,A32,A43,4344,A62,A72,3,A93,A101,2,A123,44,A143,A152,2,A173,2,A191,A201,1
A11,9,A34,A40,7074,A65,A72,2,A93,A101,5,A121,66,A143,A152,3,A172,3,A191,A201,1
A14,36,A32,A43,3426,A61,A74,6,A93,A101,3,A123,42,A143,A152,2,A173,2,A192,A201,1
A14,9,A32,A41,1854,A63,A73,3,A93,A101,6,A122,75,A143,A151,2,A173,2,A191,A201,1
A12,18,A32,A43,1655,A61,A74,6,A93,A103,5,A121,44,A143,A152,3,A173,2,A191,A202,1
A14,18,A34,A40,1389,A61,A71,2,A92,A101,3,A122,57,A143,A152,2,A171,2,A191,A201,1
A14,27,A34,A43,2700,A61,A73,6,A93,A101,3,A123,36,A143,A152,3,A173,2,A191,A201,1
A13,23,A32,A46,2858,A61,A75,6,A93,A101,6,A123,60,A143,A151,2,A174,2,A192,A201,1
A14,18,A32,A42,1685,A63,A73,6,A92,A101,6,A123,44,A143,A151,2,A172,2,A191,A201,2
A11,72,A34,A41,9497,A61,A75,6,A93,A101,6,A124,69,A143,A153,3,A173,2,A192,A201,2
A13,36,A32,A43,2066,A62,A75,6,A92,A101,3,A124,71,A143,A153,2,A173,2,A192,A201,1
A12,45,A33,A49,3755,A62,A75,6,A93,A101,3,A122,62,A142,A152,3,A173,2,A191,A201,1
A12,41,A32,A49,3792,A61,A72,6,A92,A101,2,A122,48,A143,A152,2,A173,3,A192,A201,1
A14,23,A32,A40,7986,A63,A75,2,A92,A101,6,A124,53,A143,A153,2,A173,2,A191,A201,1
A12,72,A32,A40,9840,A62,A74,5,A93,A101,3,A122,36,A143,A152,2,A173,2,A191,A201,2
A12,18,A30,A42,4454,A61,A72,6,A92,A101,5,A122,38,A143,A151,3,A173,2,A191,A201,2
A12,14,A32,A43,1809,A61,A75,6,A92,A101,6,A121,38,A143,A152,2,A173,2,A191,A201,1
A12,14,A32,A43,3177,A61,A73,3,A93,A101,3,A121,56,A143,A152,2,A172,3,A191,A201,1
A14,27,A34,A43,944,A63,A75,6,A93,A101,5,A122,48,A141,A152,3,A174,2,A192,A201,1
A11,9,A31,A46,1797,A61,A75,6,A92,A101,6,A124,53,A143,A153,2,A173,2,A191,A201,2
A14,32,A32,A41,3714,A65,A75,6,A93,A101,6,A121,69,A143,A152,2,A174,2,A192,A201,1
A11,14,A34,A43,1707,A61,A73,6,A93,A101,6,A121,38,A143,A152,3,A172,2,A191,A201,1
A12,90,A32,A40,21041,A61,A74,6,A93,A101,3,A124,41,A143,A152,2,A174,2,A192,A201,2
A14,45,A34,A41,11394,A65,A75,2,A93,A101,6,A123,95,A143,A152,3,A173,2,A191,A201,1
A14,45,A34,A43,4616,A65,A75,5,A93,A101,3,A123,60,A143,A152,3,A173,3,A192,A201,1
A14,27,A32,A43,2258,A61,A73,6,A93,A101,3,A124,48,A143,A153,2,A174,2,A192,A201,1
A13,36,A34,A43,4722,A65,A73,5,A93,A101,3,A123,47,A143,A152,3,A173,2,A192,A201,1
A12,30,A30,A41,9222,A62,A75,5,A94,A101,6,A123,47,A141,A152,3,A173,2,A192,A201,1
A13,14,A30,A43,2006,A61,A72,6,A93,A101,3,A123,51,A143,A152,3,A174,2,A192,A201,2
A12,9,A31,A46,650,A64,A72,6,A92,A101,3,A122,36,A141,A151,2,A173,3,A191,A201,2
A11,18,A32,A40,1842,A61,A73,6,A92,A101,3,A121,36,A143,A152,2,A172,2,A191,A201,2
A12,14,A32,A43,1185,A63,A73,6,A92,A101,5,A121,99,A143,A152,2,A172,2,A191,A201,1
A14,41,A32,A40,3855,A61,A73,5,A92,A101,5,A121,32,A143,A151,2,A173,2,A191,A201,2
A14,9,A34,A40,375,A64,A73,3,A92,A101,3,A121,62,A141,A152,3,A172,2,A191,A201,1
A14,23,A34,A43,1974,A63,A73,3,A94,A101,3,A122,71,A143,A152,3,A172,2,A191,A201,1
A11,27,A32,A43,2823,A61,A73,6,A92,A101,6,A123,38,A141,A151,3,A173,2,A191,A201,2
A12,72,A31,A49,9624,A61,A75,6,A92,A101,5,A124,89,A143,A151,2,A173,2,A191,A201,2
A13,36,A34,A49,1913,A64,A73,3,A91,A101,6,A121,54,A143,A152,3,A173,2,A192,A201,1
A12,36,A33,A43,9605,A61,A72,2,A93,A101,3,A123,50,A143,A152,2,A173,2,A191,A201,1
A11,36,A32,A43,2981,A61,A73,3,A93,A101,6,A121,32,A143,A151,2,A172,3,A191,A201,2
A12,12,A32,A43,1140,A61,A74,6,A92,A103,3,A121,66,A143,A152,2,A172,2,A191,A201,1
A14,36,A32,A41,3905,A64,A73,3,A92,A101,6,A123,42,A143,A151,2,A173,2,A192,A201,1
A14,6,A34,A40,5070,A61,A74,2,A92,A101,2,A121,56,A143,A152,2,A173,3,A191,A201,1
A12,54,A31,A44,5985,A65,A72,5,A92,A101,3,A124,44,A141,A152,2,A171,2,A191,A201,1
A12,36,A32,A41,17340,A61,A73,2,A92,A101,6,A123,35,A143,A151,3,A174,2,A191,A201,2
A11,27,A32,A40,6570,A62,A73,5,A93,A101,6,A123,53,A143,A152,2,A172,3,A192,A201,1
A14,9,A34,A40,10142,A61,A74,2,A93,A101,5,A124,68,A143,A152,3,A174,3,A192,A201,1
A12,45,A30,A49,6420,A62,A73,6,A92,A101,6,A123,39,A143,A151,3,A172,2,A191,A201,2
A11,36,A31,A40,3488,A62,A74,3,A93,A101,5,A123,48,A141,A152,2,A173,2,A191,A201,1
A12,15,A31,A43,1572,A61,A73,6,A93,A101,6,A121,35,A142,A152,2,A172,2,A191,A201,1
A14,32,A32,A43,4740,A65,A75,6,A93,A101,5,A122,62,A143,A152,2,A173,2,A192,A201,1
A11,36,A31,A42,3725,A63,A73,6,A93,A101,6,A121,33,A142,A152,2,A173,2,A192,A201,1
A11,59,A34,A42,21269,A65,A74,6,A93,A101,6,A122,45,A143,A152,3,A174,2,A192,A201,1
A11,20,A34,A49,2696,A61,A72,5,A93,A101,2,A122,42,A141,A152,3,A172,2,A191,A201,1
A11,23,A32,A40,3767,A61,A71,2,A92,A101,6,A123,35,A143,A151,2,A173,2,A191,A201,1
A11,18,A32,A40,1911,A61,A72,5,A92,A101,2,A121,56,A143,A152,2,A172,2,A191,A201,2
A14,32,A32,A41,7872,A65,A73,2,A93,A101,5,A123,39,A143,A152,2,A173,2,A191,A201,1
A14,23,A32,A41,4544,A61,A74,3,A93,A101,3,A123,50,A143,A152,2,A173,2,A191,A201,1
A11,9,A32,A42,642,A61,A75,3,A92,A101,2,A122,74,A141,A152,2,A173,2,A192,A201,1
A11,27,A32,A40,1464,A61,A72,2,A92,A101,3,A123,35,A143,A152,2,A172,2,A191,A201,2
A12,18,A32,A49,1262,A62,A74,3,A92,A101,6,A121,35,A143,A151,2,A172,2,A191,A201,1
A14,45,A34,A43,8657,A61,A74,6,A92,A101,3,A123,38,A143,A152,3,A173,2,A191,A201,1
A14,18,A33,A45,2333,A64,A75,6,A93,A101,6,A124,83,A143,A153,3,A173,3,A191,A201,2
A11,36,A32,A40,1928,A65,A74,6,A92,A101,6,A124,48,A143,A151,2,A173,2,A191,A201,2
A13,9,A34,A40,1949,A61,A73,2,A93,A101,2,A121,111,A143,A152,5,A171,3,A191,A202,1
A13,23,A34,A43,1907,A65,A73,5,A93,A101,6,A124,59,A143,A153,3,A173,2,A192,A201,2
A14,36,A32,A40,2090,A61,A73,3,A93,A103,3,A121,47,A143,A152,2,A173,2,A192,A201,1
A11,18,A34,A40,1037,A61,A75,6,A93,A101,5,A122,53,A143,A152,3,A173,2,A191,A201,2
A14,23,A34,A40,7568,A65,A75,2,A92,A101,6,A123,89,A143,A152,2,A173,2,A192,A201,1
A11,27,A34,A42,3186,A61,A73,6,A92,A101,6,A121,36,A143,A151,3,A173,2,A191,A201,2
A11,18,A32,A43,3321,A61,A73,6,A93,A101,5,A122,36,A143,A152,2,A172,2,A191,A201,1
A14,32,A34,A40,19020,A65,A75,6,A93,A101,6,A124,45,A143,A153,2,A174,2,A192,A201,2
A14,36,A34,A40,3695,A62,A74,6,A94,A101,5,A122,41,A143,A152,3,A173,2,A192,A201,1
A12,18,A32,A43,1733,A61,A75,5,A94,A103,5,A121,60,A141,A152,3,A172,2,A191,A201,1
A11,45,A32,A42,4662,A61,A72,3,A91,A101,6,A122,47,A143,A152,2,A172,2,A191,A201,2
A14,15,A32,A41,4352,A65,A72,2,A92,A101,6,A121,47,A143,A151,2,A173,2,A191,A201,1
A12,18,A34,A42,5426,A61,A75,2,A93,A101,6,A123,42,A143,A151,5,A173,2,A192,A201,1
A14,18,A34,A43,2483,A61,A75,3,A93,A101,6,A121,95,A143,A152,3,A172,2,A192,A201,1
A11,36,A32,A41,4218,A65,A75,3,A92,A101,6,A121,39,A143,A151,2,A173,2,A191,A201,1
A11,54,A34,A46,12098,A61,A73,5,A92,A101,3,A124,38,A143,A152,3,A174,2,A192,A201,2
A14,32,A34,A41,4913,A61,A75,2,A93,A101,6,A123,54,A143,A152,2,A174,2,A192,A201,1
A14,36,A34,A43,3335,A62,A75,6,A93,A101,6,A122,78,A141,A152,3,A173,2,A191,A201,1
A13,18,A34,A40,2220,A63,A71,3,A93,A101,6,A124,99,A141,A153,5,A171,2,A191,A201,1
A11,36,A32,A40,2057,A65,A73,6,A92,A101,6,A121,38,A143,A151,2,A173,2,A191,A201,2
A14,54,A34,A40,5303,A61,A74,6,A93,A101,6,A123,56,A143,A152,3,A173,2,A192,A201,1
A11,27,A32,A43,5264,A61,A74,6,A92,A103,2,A121,38,A143,A152,2,A173,2,A191,A201,1
A14,54,A34,A41,8567,A64,A75,6,A93,A101,3,A123,57,A143,A152,3,A174,2,A192,A201,1
A12,27,A32,A45,5808,A61,A71,3,A92,A101,6,A123,101,A143,A152,2,A173,2,A192,A201,1
A12,59,A34,A43,7400,A61,A74,3,A93,A103,3,A121,38,A143,A152,3,A173,2,A191,A201,2
A14,36,A34,A40,2910,A64,A75,6,A93,A101,6,A121,90,A143,A152,2,A173,2,A192,A201,1
A12,18,A30,A48,2115,A61,A73,3,A93,A101,3,A121,47,A143,A152,2,A172,2,A192,A201,1
A12,18,A32,A40,1254,A62,A72,6,A92,A101,3,A122,35,A141,A152,2,A172,2,A191,A201,2
A12,30,A32,A41,9702,A65,A71,2,A91,A101,6,A121,90,A143,A152,2,A174,2,A192,A201,1
A12,27,A32,A49,2912,A64,A73,6,A93,A101,3,A122,53,A143,A152,2,A172,2,A192,A201,1
A14,33,A32,A43,4013,A63,A75,5,A93,A101,6,A123,60,A143,A152,2,A173,2,A191,A201,1
A14,72,A34,A41,4127,A65,A75,6,A93,A101,5,A123,57,A143,A152,3,A173,3,A192,A201,1
A12,72,A33,A46,9336,A61,A75,6,A93,A101,6,A124,75,A143,A153,2,A173,2,A191,A201,2
A11,60,A34,A46,8997,A61,A73,6,A93,A101,5,A124,41,A141,A152,2,A173,2,A192,A201,2
A12,32,A32,A49,1782,A61,A75,3,A92,A101,6,A122,59,A143,A152,2,A173,3,A191,A201,2
A14,36,A32,A41,9470,A65,A75,5,A93,A101,6,A123,62,A143,A152,2,A174,3,A192,A201,1
A14,9,A34,A42,1832,A65,A73,2,A94,A101,3,A122,41,A143,A152,3,A173,2,A191,A201,1
A13,36,A32,A42,4338,A61,A75,5,A91,A101,6,A124,77,A143,A153,2,A173,2,A191,A201,1
A14,36,A32,A42,4593,A63,A75,6,A93,A101,5,A124,48,A143,A151,2,A173,2,A192,A201,1
A14,14,A32,A42,3452,A62,A72,3,A92,A101,6,A122,33,A143,A151,2,A173,2,A191,A201,1
A11,27,A32,A41,11267,A65,A75,2,A93,A101,6,A122,77,A143,A153,2,A173,3,A192,A201,2
A14,18,A34,A42,1887,A61,A72,3,A92,A101,6,A122,33,A143,A151,3,A172,2,A191,A201,1
A14,36,A33,A40,1076,A65,A75,6,A94,A101,6,A123,81,A143,A152,3,A173,2,A192,A201,1
A12,14,A32,A40,2324,A65,A72,6,A93,A101,3,A121,53,A143,A152,2,A171,2,A191,A201,1
A14,36,A34,A46,2396,A61,A75,6,A93,A101,6,A124,81,A143,A153,3,A173,3,A191,A201,1
A12,27,A34,A43,2693,A61,A75,5,A92,A103,6,A121,72,A141,A151,3,A172,2,A192,A201,1
A11,30,A34,A42,6408,A61,A75,2,A92,A101,6,A122,36,A143,A152,3,A173,2,A191,A201,1
A14,18,A34,A43,1464,A65,A75,6,A93,A101,6,A123,53,A143,A152,3,A173,2,A191,A201,1
A12,18,A32,A40,11208,A65,A71,2,A92,A101,3,A121,36,A143,A151,2,A171,2,A191,A201,1
A11,54,A32,A40,13907,A61,A74,3,A93,A101,2,A123,36,A143,A152,2,A173,2,A192,A201,2
A12,9,A32,A43,885,A61,A72,5,A94,A101,5,A121,39,A143,A152,2,A172,2,A191,A202,1
A14,18,A34,A43,1395,A65,A75,6,A93,A101,6,A121,98,A143,A152,6,A173,2,A191,A201,1
A12,63,A31,A41,13925,A61,A71,2,A93,A101,3,A124,83,A141,A153,2,A174,2,A192,A201,1
A12,23,A30,A40,2667,A61,A72,3,A92,A101,2,A121,39,A143,A151,3,A171,2,A191,A201,2
A12,12,A32,A49,1361,A61,A72,5,A94,A101,3,A121,39,A143,A152,2,A173,2,A192,A201,1
A12,9,A32,A43,726,A61,A74,5,A94,A103,5,A121,42,A141,A152,2,A172,2,A191,A201,1
A11,54,A34,A41,14444,A61,A74,6,A93,A101,6,A123,36,A143,A152,3,A173,2,A192,A201,2
A11,72,A32,A44,4577,A61,A73,5,A93,A101,6,A123,81,A143,A152,2,A173,2,A191,A201,2
A11,72,A32,A40,5897,A61,A74,6,A93,A101,6,A124,69,A143,A153,2,A173,3,A191,A201,2
A12,54,A33,A40,11148,A61,A73,3,A92,A101,3,A122,81,A143,A151,2,A173,2,A191,A201,1
A14,9,A32,A44,2007,A63,A73,2,A91,A101,6,A121,93,A143,A152,2,A173,2,A191,A201,1
A14,9,A34,A43,2331,A61,A74,2,A92,A101,3,A123,36,A143,A151,3,A173,2,A192,A201,1
A11,54,A32,A410,23786,A61,A71,3,A91,A102,5,A123,65,A143,A152,2,A174,2,A191,A201,1
A11,27,A32,A43,2018,A61,A73,6,A94,A101,5,A121,39,A141,A152,2,A173,2,A191,A201,2
A14,18,A32,A40,1652,A61,A73,5,A94,A101,3,A121,41,A143,A152,3,A173,2,A192,A201,1
A13,18,A32,A43,4524,A61,A73,5,A94,A101,2,A123,36,A143,A152,2,A173,2,A191,A201,1
A11,54,A32,A42,4068,A61,A75,3,A93,A101,3,A122,62,A141,A152,2,A173,3,A191,A201,2
A11,12,A34,A40,1097,A61,A75,6,A93,A101,6,A121,71,A143,A152,3,A172,2,A191,A201,1
A14,27,A34,A42,5670,A61,A72,5,A91,A101,3,A123,53,A143,A152,3,A174,2,A192,A201,1
A11,32,A34,A40,2403,A61,A75,6,A94,A101,5,A123,45,A143,A152,3,A173,2,A192,A201,1
A11,27,A34,A40,5949,A61,A75,2,A92,A101,6,A121,50,A141,A151,5,A173,2,A192,A201,2
A14,27,A30,A49,6248,A61,A73,3,A93,A101,3,A123,54,A142,A152,3,A173,3,A191,A201,2
A11,54,A32,A41,12503,A65,A75,5,A93,A101,6,A124,71,A143,A153,2,A173,2,A191,A201,2
A12,72,A33,A49,10022,A65,A73,6,A93,A101,6,A124,57,A143,A153,2,A173,3,A192,A201,1
A14,36,A33,A49,3563,A63,A73,6,A93,A101,3,A123,66,A143,A152,3,A173,3,A192,A201,1
A11,27,A32,A40,1824,A61,A72,6,A92,A101,5,A123,35,A143,A151,2,A173,2,A192,A201,2
A11,68,A30,A49,17724,A61,A75,3,A93,A101,6,A123,44,A143,A151,3,A173,2,A191,A201,2
A12,36,A32,A43,7626,A65,A75,3,A92,A101,6,A123,63,A143,A152,2,A173,2,A192,A201,1
A13,23,A32,A43,3491,A61,A72,3,A92,A101,5,A121,38,A143,A152,2,A172,2,A191,A201,2
A11,18,A30,A40,1623,A61,A73,6,A93,A101,6,A123,72,A141,A152,3,A173,2,A191,A201,2
A14,18,A32,A43,1329,A65,A73,6,A92,A101,3,A123,32,A143,A152,2,A173,2,A191,A201,1
A14,6,A32,A42,902,A61,A72,2,A92,A101,5,A121,35,A143,A151,2,A172,3,A191,A201,1
A11,36,A34,A41,4436,A61,A75,6,A93,A101,6,A122,95,A143,A152,3,A173,2,A192,A201,1
A14,36,A34,A43,3917,A61,A75,6,A94,A102,5,A121,69,A143,A152,3,A173,2,A191,A201,1
A11,54,A32,A42,7769,A61,A74,6,A93,A101,3,A122,44,A143,A152,2,A173,2,A191,A201,2
A14,32,A33,A41,4490,A61,A73,5,A93,A101,3,A121,42,A142,A152,3,A172,2,A191,A201,1
A14,27,A32,A45,2915,A61,A72,6,A92,A101,6,A121,35,A143,A152,2,A173,2,A191,A201,2
A14,36,A31,A49,2339,A61,A74,6,A93,A101,6,A123,75,A141,A152,2,A173,2,A192,A201,1
A14,27,A32,A42,5133,A61,A75,6,A93,A101,6,A122,71,A141,A152,5,A173,3,A192,A201,1
A12,32,A32,A42,5964,A65,A74,3,A93,A101,5,A123,53,A143,A152,2,A173,2,A192,A201,1
A14,27,A32,A40,10142,A65,A73,3,A93,A101,6,A123,102,A143,A151,3,A173,2,A191,A201,2
A14,36,A32,A40,1874,A61,A72,6,A94,A101,3,A121,42,A143,A152,2,A173,2,A191,A201,1
A11,14,A32,A43,2046,A61,A74,5,A93,A101,6,A121,89,A143,A152,2,A173,2,A191,A201,1
A11,18,A32,A43,1064,A61,A75,6,A93,A101,6,A121,86,A142,A152,2,A172,2,A191,A201,2
A11,30,A34,A40,3353,A61,A73,6,A94,A103,3,A122,50,A141,A151,3,A173,2,A191,A202,2
A14,36,A34,A41,6063,A65,A74,5,A93,A101,6,A122,65,A143,A152,3,A173,2,A192,A201,1
A14,23,A34,A43,2207,A61,A73,6,A93,A101,6,A124,53,A143,A153,3,A173,2,A192,A201,1
A11,27,A31,A40,2163,A61,A74,6,A93,A101,6,A124,48,A143,A153,3,A172,3,A191,A201,2
A14,54,A33,A40,16313,A61,A75,3,A93,A101,3,A123,68,A143,A152,3,A173,3,A192,A201,1
A14,36,A32,A40,2211,A62,A72,6,A94,A101,5,A121,50,A143,A152,2,A173,2,A192,A201,1
A14,15,A32,A48,1341,A65,A74,6,A92,A101,5,A122,60,A143,A152,2,A173,2,A192,A201,1
A14,23,A34,A42,5015,A61,A73,6,A93,A101,3,A124,42,A143,A153,2,A173,2,A192,A201,1
A11,23,A32,A40,5939,A61,A73,5,A92,A101,3,A122,44,A143,A152,2,A173,2,A192,A201,2
A14,14,A32,A40,5366,A62,A73,2,A93,A103,3,A121,39,A143,A151,2,A173,3,A191,A202,1
A14,36,A34,A41,8706,A64,A73,6,A93,A101,3,A121,41,A143,A152,3,A173,2,A191,A201,1
A14,27,A33,A49,3254,A61,A73,6,A94,A101,3,A123,42,A143,A152,2,A173,2,A192,A201,2
A11,36,A32,A43,3659,A61,A72,6,A92,A101,6,A121,53,A143,A152,2,A173,2,A192,A201,2
A14,41,A34,A42,6789,A64,A72,6,A93,A101,3,A121,48,A142,A152,3,A172,3,A192,A201,1
A14,15,A32,A42,3315,A61,A73,3,A93,A101,3,A121,38,A141,A151,2,A172,2,A191,A201,2
A14,23,A32,A42,3332,A63,A73,3,A92,A101,6,A123,30,A143,A151,2,A173,2,A191,A201,1
A11,27,A32,A43,3584,A61,A72,6,A92,A101,2,A123,41,A142,A152,2,A173,2,A191,A201,1
A14,18,A34,A42,4997,A61,A75,3,A93,A101,6,A122,63,A142,A152,2,A173,2,A191,A201,1
A14,54,A32,A49,11114,A65,A75,5,A93,A101,3,A122,56,A143,A152,3,A173,2,A191,A201,1
A11,18,A32,A42,978,A61,A75,6,A92,A101,6,A122,36,A143,A151,2,A173,2,A191,A201,1
A14,54,A33,A42,11517,A63,A74,3,A92,A101,6,A123,60,A143,A152,3,A173,2,A192,A201,1
A13,9,A34,A40,2015,A61,A75,2,A93,A101,6,A121,69,A143,A152,3,A173,3,A191,A202,1
A11,36,A34,A49,2073,A62,A74,6,A93,A101,2,A121,39,A143,A152,3,A173,2,A192,A201,1
A14,23,A32,A44,1311,A65,A72,6,A92,A101,2,A121,36,A143,A152,2,A173,2,A191,A201,1
A11,18,A32,A42,5385,A61,A73,3,A93,A102,3,A122,44,A143,A152,2,A172,3,A191,A201,1
A12,17,A34,A40,1983,A64,A73,6,A92,A101,6,A123,60,A143,A152,3,A173,2,A191,A201,1
A11,27,A31,A43,2910,A61,A72,5,A93,A102,6,A124,54,A141,A153,2,A174,2,A192,A201,1
A14,54,A32,A43,5393,A61,A75,6,A93,A101,3,A123,42,A143,A152,2,A173,2,A191,A201,1
A11,14,A32,A40,2133,A61,A72,5,A93,A101,3,A124,41,A143,A153,2,A174,2,A192,A201,2
A14,45,A34,A43,10113,A65,A74,3,A93,A101,5,A122,54,A143,A152,3,A173,2,A191,A201,1
A14,36,A32,A41,11721,A61,A74,5,A93,A101,5,A123,57,A143,A152,2,A174,2,A192,A201,1
A14,36,A32,A41,13916,A65,A73,3,A91,A101,6,A124,72,A143,A153,2,A173,2,A192,A201,1
A12,45,A34,A40,3272,A65,A75,6,A93,A101,6,A121,54,A143,A152,3,A173,2,A191,A201,1
A14,27,A34,A43,1647,A61,A71,6,A92,A101,6,A123,98,A143,A152,3,A171,2,A191,A201,1
A12,36,A32,A42,6086,A61,A74,5,A91,A101,5,A123,65,A143,A152,2,A173,2,A192,A201,2
A11,18,A32,A46,1193,A61,A72,6,A92,A101,6,A122,80,A143,A152,2,A173,2,A191,A201,2
A12,36,A34,A49,4238,A65,A74,6,A93,A101,5,A124,51,A143,A152,3,A173,3,A192,A201,1
A12,72,A32,A49,23508,A61,A73,3,A93,A101,3,A123,35,A143,A152,2,A173,2,A192,A201,2
A14,54,A34,A40,9921,A61,A75,6,A93,A101,6,A123,51,A143,A152,3,A174,2,A192,A201,1
A14,42,A31,A41,11736,A65,A72,5,A93,A103,6,A121,60,A141,A151,3,A173,3,A192,A201,1
A11,41,A34,A49,3663,A61,A75,6,A93,A101,6,A123,65,A142,A152,6,A174,3,A192,A201,1
A14,23,A34,A43,2744,A61,A75,6,A93,A101,6,A123,69,A143,A152,3,A173,2,A192,A201,1
A11,18,A34,A40,3257,A61,A73,6,A93,A101,6,A122,57,A141,A152,3,A172,2,A191,A202,1
A12,54,A34,A41,8700,A61,A73,5,A93,A101,6,A123,51,A143,A152,3,A173,2,A192,A201,1
A14,27,A34,A43,1754,A65,A73,6,A93,A101,5,A122,44,A143,A152,3,A173,2,A192,A201,1
A14,54,A33,A41,13421,A65,A74,5,A93,A101,3,A123,47,A142,A152,2,A174,3,A192,A201,1
A11,32,A32,A43,3909,A61,A72,6,A92,A101,6,A122,42,A143,A151,2,A174,2,A192,A201,1
A14,18,A34,A42,2388,A64,A74,5,A92,A101,3,A122,53,A143,A152,2,A173,2,A191,A202,1
A14,23,A32,A42,3279,A65,A74,2,A92,A101,6,A121,50,A141,A151,2,A172,2,A191,A201,1
A11,27,A32,A42,6230,A61,A73,3,A93,A102,5,A123,63,A143,A152,2,A173,2,A191,A201,2
A11,24,A34,A40,3938,A61,A75,3,A93,A103,6,A122,65,A141,A151,2,A173,2,A192,A201,2
A14,30,A34,A40,5228,A65,A72,3,A91,A101,6,A121,66,A143,A152,3,A173,2,A192,A201,1
A14,54,A34,A41,15716,A65,A75,3,A93,A101,6,A124,63,A143,A153,3,A173,2,A191,A201,1
A14,23,A32,A43,2079,A65,A73,6,A94,A101,3,A121,60,A143,A151,2,A173,2,A192,A201,1
A14,36,A32,A43,1917,A61,A75,6,A93,A101,2,A121,54,A143,A152,2,A174,2,A192,A201,1
A11,18,A32,A43,1661,A61,A73,3,A93,A101,3,A121,30,A143,A151,2,A174,3,A192,A201,1
A11,32,A32,A40,5645,A65,A74,3,A93,A102,3,A121,36,A143,A152,2,A172,2,A191,A202,1
A12,54,A32,A46,5567,A65,A73,3,A94,A101,3,A123,41,A143,A152,2,A173,2,A191,A201,1
A14,23,A33,A41,5391,A61,A72,2,A92,A101,3,A122,69,A143,A152,3,A172,2,A191,A201,1
A12,14,A32,A40,4793,A65,A73,2,A92,A101,3,A121,50,A143,A152,2,A172,2,A191,A201,1
A14,54,A33,A43,6681,A61,A73,6,A92,A101,6,A121,51,A143,A152,3,A173,2,A191,A201,1
A12,36,A34,A42,7104,A61,A72,3,A92,A101,6,A123,38,A141,A152,2,A172,2,A191,A201,2
A12,45,A32,A43,4487,A65,A75,3,A92,A101,6,A123,38,A143,A152,2,A173,2,A191,A201,1
A14,17,A32,A49,3213,A64,A75,2,A91,A101,3,A121,42,A143,A152,2,A173,2,A192,A201,1
A11,36,A31,A49,4742,A61,A73,6,A93,A101,3,A122,47,A143,A151,2,A173,2,A192,A201,2
A12,72,A30,A410,27636,A61,A73,2,A92,A101,3,A122,48,A141,A152,2,A174,2,A192,A202,2
A14,15,A32,A41,4272,A62,A73,2,A93,A102,3,A121,48,A143,A152,2,A173,3,A191,A201,1
A11,9,A32,A40,22344,A61,A75,2,A93,A101,6,A124,102,A141,A152,2,A174,2,A192,A201,2
A11,36,A32,A42,3539,A62,A71,2,A91,A101,2,A122,50,A143,A152,2,A173,2,A191,A201,2
A11,36,A32,A42,5018,A61,A75,6,A93,A101,3,A122,59,A143,A151,2,A174,2,A192,A201,2
A14,27,A34,A42,2726,A61,A73,6,A92,A101,3,A124,42,A143,A152,3,A173,2,A191,A201,1
A14,72,A33,A43,19124,A63,A74,6,A93,A101,2,A123,56,A143,A152,2,A174,2,A192,A201,1
A11,14,A32,A43,2049,A61,A72,5,A92,A101,6,A122,33,A143,A151,2,A173,2,A191,A201,2
A12,18,A32,A40,3003,A61,A74,5,A93,A101,6,A122,45,A143,A151,2,A173,3,A192,A201,1
A11,36,A31,A42,10308,A61,A72,3,A91,A101,2,A122,83,A141,A152,2,A173,2,A192,A201,2
A11,18,A31,A40,1046,A61,A72,6,A93,A101,3,A123,69,A141,A152,3,A173,2,A192,A201,2
A11,27,A34,A42,1574,A61,A72,6,A92,A101,6,A122,32,A143,A151,2,A173,2,A191,A201,1
A11,72,A32,A41,15446,A61,A74,6,A93,A101,6,A124,59,A142,A153,5,A173,3,A192,A201,2
A14,45,A32,A43,2801,A65,A75,6,A93,A101,6,A123,87,A143,A152,2,A173,2,A192,A201,1
A11,18,A33,A40,2016,A61,A73,6,A93,A101,3,A121,65,A143,A152,3,A172,3,A191,A201,1
A11,36,A32,A42,2621,A61,A72,6,A93,A102,2,A122,36,A143,A152,2,A172,2,A191,A202,1
A12,14,A32,A43,2505,A61,A72,6,A92,A101,3,A123,33,A143,A152,2,A173,2,A192,A201,2
A14,14,A34,A40,1836,A61,A73,5,A93,A101,2,A121,45,A143,A152,3,A173,2,A191,A201,1
A14,18,A34,A43,783,A63,A75,6,A93,A101,6,A122,63,A143,A152,3,A173,3,A192,A201,1
A11,18,A32,A43,2247,A61,A73,6,A92,A101,2,A123,35,A141,A152,2,A173,2,A191,A201,1
A12,45,A33,A43,2879,A62,A72,6,A93,A101,5,A124,45,A142,A152,3,A174,2,A191,A201,2
A13,14,A32,A43,1118,A61,A73,5,A92,A101,3,A121,42,A143,A152,2,A172,2,A191,A201,2
A12,9,A32,A43,3095,A61,A72,6,A94,A101,5,A123,45,A143,A151,2,A174,2,A192,A201,1
A12,90,A32,A46,9432,A61,A73,6,A93,A101,6,A124,63,A143,A153,2,A173,2,A191,A201,2
A14,36,A34,A41,10263,A65,A73,3,A93,A101,6,A122,69,A143,A152,3,A174,3,A192,A201,1
A14,18,A32,A40,5291,A65,A72,3,A93,A101,5,A122,68,A143,A152,2,A174,3,A192,A201,1
A14,15,A32,A40,2319,A61,A73,5,A93,A101,3,A121,47,A143,A152,2,A172,3,A191,A202,1
A14,36,A32,A42,1394,A65,A74,6,A93,A101,3,A123,47,A142,A152,2,A173,2,A192,A201,1
A14,6,A34,A40,2183,A61,A74,3,A93,A101,2,A121,63,A143,A152,5,A172,3,A191,A201,1
A11,23,A32,A42,2768,A61,A72,6,A92,A103,2,A122,69,A143,A151,2,A173,2,A191,A201,1
A12,72,A30,A40,12537,A63,A72,2,A92,A101,2,A123,45,A143,A152,3,A173,2,A191,A201,1
A11,36,A31,A42,5024,A63,A72,6,A93,A101,6,A124,45,A143,A153,2,A173,3,A192,A201,2
A14,18,A32,A40,4289,A65,A71,6,A93,A101,6,A124,57,A143,A152,2,A174,2,A192,A201,1
A14,27,A32,A42,2300,A61,A72,6,A94,A102,2,A122,65,A143,A152,2,A172,3,A191,A201,2
A14,36,A32,A43,5432,A62,A75,3,A93,A101,6,A123,47,A143,A152,3,A173,2,A191,A201,2
A12,27,A34,A49,5385,A61,A71,5,A94,A101,5,A123,60,A143,A152,5,A171,3,A192,A201,1
A11,54,A33,A49,3218,A61,A74,3,A93,A101,2,A123,36,A143,A152,3,A173,2,A192,A201,2
A12,36,A32,A41,6170,A63,A72,5,A92,A101,6,A123,42,A143,A151,2,A173,2,A191,A201,2
A14,54,A32,A42,16461,A61,A71,6,A92,A101,3,A123,39,A143,A152,3,A174,2,A192,A201,2
A11,18,A32,A40,2840,A61,A73,6,A92,A103,6,A122,44,A143,A152,2,A173,2,A192,A201,1
A11,36,A34,A43,1847,A64,A75,6,A92,A101,6,A122,86,A143,A151,3,A174,2,A192,A201,1
A13,45,A34,A43,5484,A65,A75,6,A93,A101,6,A122,74,A142,A152,3,A172,2,A191,A201,1
A12,14,A34,A43,1731,A61,A75,3,A93,A101,6,A121,56,A143,A152,5,A172,2,A191,A201,1
A11,42,A32,A40,6009,A61,A73,5,A93,A101,3,A123,68,A143,A152,2,A172,2,A191,A201,2
A12,36,A32,A42,4604,A62,A75,6,A93,A101,6,A124,45,A143,A153,2,A173,2,A191,A201,1
A14,9,A34,A43,2610,A61,A75,3,A94,A101,3,A121,45,A143,A151,3,A173,2,A191,A201,1
A12,32,A33,A40,3530,A61,A73,2,A91,A101,6,A122,71,A143,A152,3,A173,2,A191,A201,1
A14,23,A32,A40,5334,A65,A73,5,A93,A101,3,A124,44,A143,A152,2,A173,2,A191,A201,1
A14,36,A32,A43,3596,A63,A75,5,A93,A101,3,A123,53,A141,A152,3,A173,2,A192,A201,2
A12,9,A32,A45,681,A61,A72,5,A94,A101,2,A122,33,A143,A152,2,A172,2,A191,A201,1
A12,45,A32,A43,2573,A65,A73,6,A92,A101,2,A123,39,A143,A152,2,A173,2,A191,A201,1
A12,41,A34,A43,3780,A63,A73,6,A93,A101,3,A122,35,A143,A152,3,A172,2,A191,A201,2
A14,23,A32,A43,5352,A61,A75,6,A92,A101,3,A123,81,A141,A151,2,A174,2,A192,A201,1
A14,63,A32,A43,10749,A65,A74,3,A94,A101,6,A122,44,A143,A151,2,A173,2,A192,A201,1
A11,17,A34,A40,5909,A61,A73,2,A93,A101,3,A121,60,A143,A152,3,A172,3,A191,A201,1
A12,23,A32,A45,2271,A62,A73,6,A93,A103,3,A121,33,A143,A152,2,A173,2,A191,A201,1
A14,36,A32,A40,11090,A61,A73,2,A93,A101,6,A122,65,A143,A152,2,A172,3,A191,A201,1
A11,36,A31,A40,1790,A61,A71,2,A92,A102,6,A124,44,A143,A151,3,A171,2,A191,A201,2
A11,90,A32,A49,10946,A61,A75,6,A93,A102,6,A124,54,A143,A151,2,A173,2,A191,A201,2
A14,45,A34,A43,4247,A61,A73,6,A92,A101,3,A123,50,A143,A152,2,A173,2,A192,A201,1
A13,36,A32,A43,1887,A63,A73,5,A92,A101,5,A123,86,A143,A152,2,A172,2,A191,A201,1
A12,9,A32,A43,1130,A61,A73,3,A92,A103,5,A121,96,A143,A152,2,A173,2,A191,A201,1
A12,27,A33,A49,3641,A65,A75,6,A93,A101,3,A122,63,A143,A152,3,A173,2,A191,A201,1
A14,36,A33,A40,3807,A61,A75,6,A93,A101,6,A123,71,A143,A152,3,A172,3,A191,A201,2
A12,23,A31,A40,1896,A62,A73,3,A94,A101,3,A122,38,A143,A151,2,A173,2,A191,A201,2
A12,45,A34,A42,12579,A61,A74,3,A93,A101,3,A122,74,A143,A152,2,A173,2,A191,A201,2
A14,72,A32,A49,7266,A61,A71,5,A93,A101,3,A123,50,A141,A151,2,A174,2,A192,A201,2
A13,32,A32,A40,4385,A62,A73,2,A92,A101,2,A123,42,A141,A152,2,A174,2,A192,A201,1
A11,54,A32,A41,12344,A61,A73,3,A93,A101,3,A122,39,A143,A152,2,A173,3,A191,A201,2
A14,36,A34,A42,3042,A61,A74,3,A93,A101,3,A122,45,A143,A152,3,A172,2,A191,A201,1
A11,23,A34,A42,2150,A61,A73,6,A92,A101,5,A122,38,A143,A151,3,A173,2,A191,A201,1
A13,63,A30,A49,9434,A61,A72,3,A91,A101,2,A122,50,A143,A152,3,A173,2,A191,A201,1
A14,20,A32,A43,2114,A62,A71,3,A92,A101,6,A121,96,A143,A152,2,A173,2,A191,A201,1
A11,36,A32,A41,9869,A61,A71,6,A93,A101,3,A124,44,A143,A153,2,A174,2,A192,A201,1
A12,36,A34,A43,2615,A61,A75,6,A93,A101,3,A122,72,A143,A152,3,A172,2,A191,A201,1
A14,18,A34,A46,5348,A65,A72,3,A93,A101,2,A122,56,A143,A152,3,A172,3,A191,A201,1
A14,23,A31,A43,2354,A62,A75,6,A93,A101,6,A123,51,A141,A152,2,A172,3,A191,A201,1
A11,27,A32,A43,2904,A65,A74,3,A94,A101,6,A123,35,A143,A151,3,A172,2,A191,A201,1
A11,54,A32,A42,5939,A61,A71,6,A93,A101,5,A122,45,A143,A152,2,A174,2,A192,A201,1
A14,18,A32,A40,3585,A65,A75,6,A93,A101,5,A123,75,A143,A152,2,A173,2,A192,A201,1
A14,18,A32,A42,2604,A61,A74,5,A92,A101,6,A121,47,A143,A152,2,A172,2,A191,A201,1
A11,45,A32,A41,5786,A61,A73,6,A91,A101,6,A122,60,A143,A152,2,A174,2,A192,A201,1
A14,18,A32,A43,1206,A61,A75,6,A93,A101,6,A123,57,A143,A152,2,A173,2,A191,A201,1
A11,68,A32,A43,2768,A61,A73,6,A93,A101,6,A124,35,A143,A153,2,A173,2,A192,A201,2
A12,68,A34,A41,6864,A62,A71,5,A93,A101,6,A123,41,A143,A152,2,A173,2,A191,A201,1
